tool	threads	dataset	replicate	file_bytes	subset_nonzeros
bpcells_randomized	16	11m_jax	rep1	32939984181	1008428982
bpcells_randomized	16	11m_jax	rep2	32939984181	1008428982
bpcells_randomized	16	11m_jax	rep3	32939984181	1008428982
bpcells_randomized	16	11m_jax	rep4	32939984181	1008428982
bpcells_randomized	16	11m_jax	rep5	32939984181	1008428982
bpcells_randomized	16	130k_thymus_atlas	rep1	524989322	18988084
bpcells_randomized	16	130k_thymus_atlas	rep2	524989322	18988084
bpcells_randomized	16	130k_thymus_atlas	rep3	524989322	18988084
bpcells_randomized	16	130k_thymus_atlas	rep4	524989322	18988084
bpcells_randomized	16	130k_thymus_atlas	rep5	524989322	18988084
bpcells_randomized	16	1m_neurons	rep1	4879867429	215428065
bpcells_randomized	16	1m_neurons	rep2	4879867429	215428065
bpcells_randomized	16	1m_neurons	rep3	4879867429	215428065
bpcells_randomized	16	1m_neurons	rep4	4879867429	215428065
bpcells_randomized	16	1m_neurons	rep5	4879867429	215428065
bpcells_randomized	16	20k_pbmc	rep1	108299141	6494865
bpcells_randomized	16	20k_pbmc	rep2	108299141	6494865
bpcells_randomized	16	20k_pbmc	rep3	108299141	6494865
bpcells_randomized	16	20k_pbmc	rep4	108299141	6494865
bpcells_randomized	16	20k_pbmc	rep5	108299141	6494865
bpcells_randomized	16	22m_pansci	rep1	30466468695	1150503590
bpcells_randomized	16	22m_pansci	rep2	30466468695	1150503590
bpcells_randomized	16	22m_pansci	rep3	30466468695	1150503590
bpcells_randomized	16	22m_pansci	rep4	30466468695	1150503590
bpcells_randomized	16	22m_pansci	rep5	30466468695	1150503590
bpcells_randomized	16	2m_perturbseq	rep1	9816733373	1563287271
bpcells_randomized	16	2m_perturbseq	rep2	9816733373	1563287271
bpcells_randomized	16	2m_perturbseq	rep3	9816733373	1563287271
bpcells_randomized	16	2m_perturbseq	rep4	9816733373	1563287271
bpcells_randomized	16	2m_perturbseq	rep5	9816733373	1563287271
bpcells_randomized	16	480k_tabula_sapiens	rep1	2668000081	31513074
bpcells_randomized	16	480k_tabula_sapiens	rep2	2668000081	31513074
bpcells_randomized	16	480k_tabula_sapiens	rep3	2668000081	31513074
bpcells_randomized	16	480k_tabula_sapiens	rep4	2668000081	31513074
bpcells_randomized	16	480k_tabula_sapiens	rep5	2668000081	31513074
bpcells_randomized	16	4m_fetal	rep1	5504043609	193691884
bpcells_randomized	16	4m_fetal	rep2	5504043609	193691884
bpcells_randomized	16	4m_fetal	rep3	5504043609	193691884
bpcells_randomized	16	4m_fetal	rep4	5504043609	193691884
bpcells_randomized	16	4m_fetal	rep5	5504043609	193691884
bpcells_randomized	16	500k_drugscreen	rep1	3180899205	207931420
bpcells_randomized	16	500k_drugscreen	rep2	3180899205	207931420
bpcells_randomized	16	500k_drugscreen	rep3	3180899205	207931420
bpcells_randomized	16	500k_drugscreen	rep4	3180899205	207931420
bpcells_randomized	16	500k_drugscreen	rep5	3180899205	207931420
bpcells_randomized	1	11m_jax	rep1	32939984181	1008428982
bpcells_randomized	1	11m_jax	rep2	32939984181	1008428982
bpcells_randomized	1	11m_jax	rep3	32939984181	1008428982
bpcells_randomized	1	11m_jax	rep4	32939984181	1008428982
bpcells_randomized	1	11m_jax	rep5	32939984181	1008428982
bpcells_randomized	1	130k_thymus_atlas	rep1	524989322	18988084
bpcells_randomized	1	130k_thymus_atlas	rep2	524989322	18988084
bpcells_randomized	1	130k_thymus_atlas	rep3	524989322	18988084
bpcells_randomized	1	130k_thymus_atlas	rep4	524989322	18988084
bpcells_randomized	1	130k_thymus_atlas	rep5	524989322	18988084
bpcells_randomized	1	1m_neurons	rep1	4879867429	215428065
bpcells_randomized	1	1m_neurons	rep2	4879867429	215428065
bpcells_randomized	1	1m_neurons	rep3	4879867429	215428065
bpcells_randomized	1	1m_neurons	rep4	4879867429	215428065
bpcells_randomized	1	1m_neurons	rep5	4879867429	215428065
bpcells_randomized	1	20k_pbmc	rep1	108299141	6494865
bpcells_randomized	1	20k_pbmc	rep2	108299141	6494865
bpcells_randomized	1	20k_pbmc	rep3	108299141	6494865
bpcells_randomized	1	20k_pbmc	rep4	108299141	6494865
bpcells_randomized	1	20k_pbmc	rep5	108299141	6494865
bpcells_randomized	1	22m_pansci	rep1	30466468695	1150503590
bpcells_randomized	1	22m_pansci	rep2	30466468695	1150503590
bpcells_randomized	1	22m_pansci	rep3	30466468695	1150503590
bpcells_randomized	1	22m_pansci	rep4	30466468695	1150503590
bpcells_randomized	1	22m_pansci	rep5	30466468695	1150503590
bpcells_randomized	1	2m_perturbseq	rep1	9816733373	1563287271
bpcells_randomized	1	2m_perturbseq	rep2	9816733373	1563287271
bpcells_randomized	1	2m_perturbseq	rep3	9816733373	1563287271
bpcells_randomized	1	2m_perturbseq	rep4	9816733373	1563287271
bpcells_randomized	1	2m_perturbseq	rep5	9816733373	1563287271
bpcells_randomized	1	480k_tabula_sapiens	rep1	2668000081	31513074
bpcells_randomized	1	480k_tabula_sapiens	rep2	2668000081	31513074
bpcells_randomized	1	480k_tabula_sapiens	rep3	2668000081	31513074
bpcells_randomized	1	480k_tabula_sapiens	rep4	2668000081	31513074
bpcells_randomized	1	480k_tabula_sapiens	rep5	2668000081	31513074
bpcells_randomized	1	4m_fetal	rep1	5504043609	193691884
bpcells_randomized	1	4m_fetal	rep2	5504043609	193691884
bpcells_randomized	1	4m_fetal	rep3	5504043609	193691884
bpcells_randomized	1	4m_fetal	rep4	5504043609	193691884
bpcells_randomized	1	4m_fetal	rep5	5504043609	193691884
bpcells_randomized	1	500k_drugscreen	rep1	3180899205	207931420
bpcells_randomized	1	500k_drugscreen	rep2	3180899205	207931420
bpcells_randomized	1	500k_drugscreen	rep3	3180899205	207931420
bpcells_randomized	1	500k_drugscreen	rep4	3180899205	207931420
bpcells_randomized	1	500k_drugscreen	rep5	3180899205	207931420
bpcells_randomized	2	11m_jax	rep1	32939984181	1008428982
bpcells_randomized	2	11m_jax	rep2	32939984181	1008428982
bpcells_randomized	2	11m_jax	rep3	32939984181	1008428982
bpcells_randomized	2	11m_jax	rep4	32939984181	1008428982
bpcells_randomized	2	11m_jax	rep5	32939984181	1008428982
bpcells_randomized	2	130k_thymus_atlas	rep1	524989322	18988084
bpcells_randomized	2	130k_thymus_atlas	rep2	524989322	18988084
bpcells_randomized	2	130k_thymus_atlas	rep3	524989322	18988084
bpcells_randomized	2	130k_thymus_atlas	rep4	524989322	18988084
bpcells_randomized	2	130k_thymus_atlas	rep5	524989322	18988084
bpcells_randomized	2	1m_neurons	rep1	4879867429	215428065
bpcells_randomized	2	1m_neurons	rep2	4879867429	215428065
bpcells_randomized	2	1m_neurons	rep3	4879867429	215428065
bpcells_randomized	2	1m_neurons	rep4	4879867429	215428065
bpcells_randomized	2	1m_neurons	rep5	4879867429	215428065
bpcells_randomized	2	20k_pbmc	rep1	108299141	6494865
bpcells_randomized	2	20k_pbmc	rep2	108299141	6494865
bpcells_randomized	2	20k_pbmc	rep3	108299141	6494865
bpcells_randomized	2	20k_pbmc	rep4	108299141	6494865
bpcells_randomized	2	20k_pbmc	rep5	108299141	6494865
bpcells_randomized	2	22m_pansci	rep1	30466468695	1150503590
bpcells_randomized	2	22m_pansci	rep2	30466468695	1150503590
bpcells_randomized	2	22m_pansci	rep3	30466468695	1150503590
bpcells_randomized	2	22m_pansci	rep4	30466468695	1150503590
bpcells_randomized	2	22m_pansci	rep5	30466468695	1150503590
bpcells_randomized	2	2m_perturbseq	rep1	9816733373	1563287271
bpcells_randomized	2	2m_perturbseq	rep2	9816733373	1563287271
bpcells_randomized	2	2m_perturbseq	rep3	9816733373	1563287271
bpcells_randomized	2	2m_perturbseq	rep4	9816733373	1563287271
bpcells_randomized	2	2m_perturbseq	rep5	9816733373	1563287271
bpcells_randomized	2	480k_tabula_sapiens	rep1	2668000081	31513074
bpcells_randomized	2	480k_tabula_sapiens	rep2	2668000081	31513074
bpcells_randomized	2	480k_tabula_sapiens	rep3	2668000081	31513074
bpcells_randomized	2	480k_tabula_sapiens	rep4	2668000081	31513074
bpcells_randomized	2	480k_tabula_sapiens	rep5	2668000081	31513074
bpcells_randomized	2	4m_fetal	rep1	5504043609	193691884
bpcells_randomized	2	4m_fetal	rep2	5504043609	193691884
bpcells_randomized	2	4m_fetal	rep3	5504043609	193691884
bpcells_randomized	2	4m_fetal	rep4	5504043609	193691884
bpcells_randomized	2	4m_fetal	rep5	5504043609	193691884
bpcells_randomized	2	500k_drugscreen	rep1	3180899205	207931420
bpcells_randomized	2	500k_drugscreen	rep2	3180899205	207931420
bpcells_randomized	2	500k_drugscreen	rep3	3180899205	207931420
bpcells_randomized	2	500k_drugscreen	rep4	3180899205	207931420
bpcells_randomized	2	500k_drugscreen	rep5	3180899205	207931420
bpcells_randomized	4	11m_jax	rep1	32939984181	1008428982
bpcells_randomized	4	11m_jax	rep2	32939984181	1008428982
bpcells_randomized	4	11m_jax	rep3	32939984181	1008428982
bpcells_randomized	4	11m_jax	rep4	32939984181	1008428982
bpcells_randomized	4	11m_jax	rep5	32939984181	1008428982
bpcells_randomized	4	130k_thymus_atlas	rep1	524989322	18988084
bpcells_randomized	4	130k_thymus_atlas	rep2	524989322	18988084
bpcells_randomized	4	130k_thymus_atlas	rep3	524989322	18988084
bpcells_randomized	4	130k_thymus_atlas	rep4	524989322	18988084
bpcells_randomized	4	130k_thymus_atlas	rep5	524989322	18988084
bpcells_randomized	4	1m_neurons	rep1	4879867429	215428065
bpcells_randomized	4	1m_neurons	rep2	4879867429	215428065
bpcells_randomized	4	1m_neurons	rep3	4879867429	215428065
bpcells_randomized	4	1m_neurons	rep4	4879867429	215428065
bpcells_randomized	4	1m_neurons	rep5	4879867429	215428065
bpcells_randomized	4	20k_pbmc	rep1	108299141	6494865
bpcells_randomized	4	20k_pbmc	rep2	108299141	6494865
bpcells_randomized	4	20k_pbmc	rep3	108299141	6494865
bpcells_randomized	4	20k_pbmc	rep4	108299141	6494865
bpcells_randomized	4	20k_pbmc	rep5	108299141	6494865
bpcells_randomized	4	22m_pansci	rep1	30466468695	1150503590
bpcells_randomized	4	22m_pansci	rep2	30466468695	1150503590
bpcells_randomized	4	22m_pansci	rep3	30466468695	1150503590
bpcells_randomized	4	22m_pansci	rep4	30466468695	1150503590
bpcells_randomized	4	22m_pansci	rep5	30466468695	1150503590
bpcells_randomized	4	2m_perturbseq	rep1	9816733373	1563287271
bpcells_randomized	4	2m_perturbseq	rep2	9816733373	1563287271
bpcells_randomized	4	2m_perturbseq	rep3	9816733373	1563287271
bpcells_randomized	4	2m_perturbseq	rep4	9816733373	1563287271
bpcells_randomized	4	2m_perturbseq	rep5	9816733373	1563287271
bpcells_randomized	4	480k_tabula_sapiens	rep1	2668000081	31513074
bpcells_randomized	4	480k_tabula_sapiens	rep2	2668000081	31513074
bpcells_randomized	4	480k_tabula_sapiens	rep3	2668000081	31513074
bpcells_randomized	4	480k_tabula_sapiens	rep4	2668000081	31513074
bpcells_randomized	4	480k_tabula_sapiens	rep5	2668000081	31513074
bpcells_randomized	4	4m_fetal	rep1	5504043609	193691884
bpcells_randomized	4	4m_fetal	rep2	5504043609	193691884
bpcells_randomized	4	4m_fetal	rep3	5504043609	193691884
bpcells_randomized	4	4m_fetal	rep4	5504043609	193691884
bpcells_randomized	4	4m_fetal	rep5	5504043609	193691884
bpcells_randomized	4	500k_drugscreen	rep1	3180899205	207931420
bpcells_randomized	4	500k_drugscreen	rep2	3180899205	207931420
bpcells_randomized	4	500k_drugscreen	rep3	3180899205	207931420
bpcells_randomized	4	500k_drugscreen	rep4	3180899205	207931420
bpcells_randomized	4	500k_drugscreen	rep5	3180899205	207931420
bpcells_randomized	8	11m_jax	rep1	32939984181	1008428982
bpcells_randomized	8	11m_jax	rep2	32939984181	1008428982
bpcells_randomized	8	11m_jax	rep3	32939984181	1008428982
bpcells_randomized	8	11m_jax	rep4	32939984181	1008428982
bpcells_randomized	8	11m_jax	rep5	32939984181	1008428982
bpcells_randomized	8	130k_thymus_atlas	rep1	524989322	18988084
bpcells_randomized	8	130k_thymus_atlas	rep2	524989322	18988084
bpcells_randomized	8	130k_thymus_atlas	rep3	524989322	18988084
bpcells_randomized	8	130k_thymus_atlas	rep4	524989322	18988084
bpcells_randomized	8	130k_thymus_atlas	rep5	524989322	18988084
bpcells_randomized	8	1m_neurons	rep1	4879867429	215428065
bpcells_randomized	8	1m_neurons	rep2	4879867429	215428065
bpcells_randomized	8	1m_neurons	rep3	4879867429	215428065
bpcells_randomized	8	1m_neurons	rep4	4879867429	215428065
bpcells_randomized	8	1m_neurons	rep5	4879867429	215428065
bpcells_randomized	8	20k_pbmc	rep1	108299141	6494865
bpcells_randomized	8	20k_pbmc	rep2	108299141	6494865
bpcells_randomized	8	20k_pbmc	rep3	108299141	6494865
bpcells_randomized	8	20k_pbmc	rep4	108299141	6494865
bpcells_randomized	8	20k_pbmc	rep5	108299141	6494865
bpcells_randomized	8	22m_pansci	rep1	30466468695	1150503590
bpcells_randomized	8	22m_pansci	rep2	30466468695	1150503590
bpcells_randomized	8	22m_pansci	rep3	30466468695	1150503590
bpcells_randomized	8	22m_pansci	rep4	30466468695	1150503590
bpcells_randomized	8	22m_pansci	rep5	30466468695	1150503590
bpcells_randomized	8	2m_perturbseq	rep1	9816733373	1563287271
bpcells_randomized	8	2m_perturbseq	rep2	9816733373	1563287271
bpcells_randomized	8	2m_perturbseq	rep3	9816733373	1563287271
bpcells_randomized	8	2m_perturbseq	rep4	9816733373	1563287271
bpcells_randomized	8	2m_perturbseq	rep5	9816733373	1563287271
bpcells_randomized	8	480k_tabula_sapiens	rep1	2668000081	31513074
bpcells_randomized	8	480k_tabula_sapiens	rep2	2668000081	31513074
bpcells_randomized	8	480k_tabula_sapiens	rep3	2668000081	31513074
bpcells_randomized	8	480k_tabula_sapiens	rep4	2668000081	31513074
bpcells_randomized	8	480k_tabula_sapiens	rep5	2668000081	31513074
bpcells_randomized	8	4m_fetal	rep1	5504043609	193691884
bpcells_randomized	8	4m_fetal	rep2	5504043609	193691884
bpcells_randomized	8	4m_fetal	rep3	5504043609	193691884
bpcells_randomized	8	4m_fetal	rep4	5504043609	193691884
bpcells_randomized	8	4m_fetal	rep5	5504043609	193691884
bpcells_randomized	8	500k_drugscreen	rep1	3180899205	207931420
bpcells_randomized	8	500k_drugscreen	rep2	3180899205	207931420
bpcells_randomized	8	500k_drugscreen	rep3	3180899205	207931420
bpcells_randomized	8	500k_drugscreen	rep4	3180899205	207931420
bpcells_randomized	8	500k_drugscreen	rep5	3180899205	207931420
bpcells_stage_float	16	11m_jax	rep1	5644691399	1008428982
bpcells_stage_float	16	11m_jax	rep2	5644691399	1008428982
bpcells_stage_float	16	11m_jax	rep3	5644691399	1008428982
bpcells_stage_float	16	11m_jax	rep4	5644691399	1008428982
bpcells_stage_float	16	11m_jax	rep5	5644691399	1008428982
bpcells_stage_float	16	130k_thymus_atlas	rep1	102350095	18988084
bpcells_stage_float	16	130k_thymus_atlas	rep2	102350095	18988084
bpcells_stage_float	16	130k_thymus_atlas	rep3	102350095	18988084
bpcells_stage_float	16	130k_thymus_atlas	rep4	102350095	18988084
bpcells_stage_float	16	130k_thymus_atlas	rep5	102350095	18988084
bpcells_stage_float	16	1m_neurons	rep1	1165562595	215428065
bpcells_stage_float	16	1m_neurons	rep2	1165562595	215428065
bpcells_stage_float	16	1m_neurons	rep3	1165562595	215428065
bpcells_stage_float	16	1m_neurons	rep4	1165562595	215428065
bpcells_stage_float	16	1m_neurons	rep5	1165562595	215428065
bpcells_stage_float	16	20k_pbmc	rep1	34012291	6494865
bpcells_stage_float	16	20k_pbmc	rep2	34012291	6494865
bpcells_stage_float	16	20k_pbmc	rep3	34012291	6494865
bpcells_stage_float	16	20k_pbmc	rep4	34012291	6494865
bpcells_stage_float	16	20k_pbmc	rep5	34012291	6494865
bpcells_stage_float	16	22m_pansci	rep1	6534745759	1150503590
bpcells_stage_float	16	22m_pansci	rep2	6534745759	1150503590
bpcells_stage_float	16	22m_pansci	rep3	6534745759	1150503590
bpcells_stage_float	16	22m_pansci	rep4	6534745759	1150503590
bpcells_stage_float	16	22m_pansci	rep5	6534745759	1150503590
bpcells_stage_float	16	2m_perturbseq	rep1	7562649251	1563287271
bpcells_stage_float	16	2m_perturbseq	rep2	7562649251	1563287271
bpcells_stage_float	16	2m_perturbseq	rep3	7562649251	1563287271
bpcells_stage_float	16	2m_perturbseq	rep4	7562649251	1563287271
bpcells_stage_float	16	2m_perturbseq	rep5	7562649251	1563287271
bpcells_stage_float	16	480k_tabula_sapiens	rep1	178523467	31513074
bpcells_stage_float	16	480k_tabula_sapiens	rep2	178523467	31513074
bpcells_stage_float	16	480k_tabula_sapiens	rep3	178523467	31513074
bpcells_stage_float	16	480k_tabula_sapiens	rep4	178523467	31513074
bpcells_stage_float	16	480k_tabula_sapiens	rep5	178523467	31513074
bpcells_stage_float	16	4m_fetal	rep1	1108284437	193691884
bpcells_stage_float	16	4m_fetal	rep2	1108284437	193691884
bpcells_stage_float	16	4m_fetal	rep3	1108284437	193691884
bpcells_stage_float	16	4m_fetal	rep4	1108284437	193691884
bpcells_stage_float	16	4m_fetal	rep5	1108284437	193691884
bpcells_stage_float	16	500k_drugscreen	rep1	1058564555	207931420
bpcells_stage_float	16	500k_drugscreen	rep2	1058564555	207931420
bpcells_stage_float	16	500k_drugscreen	rep3	1058564555	207931420
bpcells_stage_float	16	500k_drugscreen	rep4	1058564555	207931420
bpcells_stage_float	16	500k_drugscreen	rep5	1058564555	207931420
bpcells_stage_float	1	11m_jax	rep1	5644691399	1008428982
bpcells_stage_float	1	11m_jax	rep2	5644691399	1008428982
bpcells_stage_float	1	11m_jax	rep3	5644691399	1008428982
bpcells_stage_float	1	11m_jax	rep4	5644691399	1008428982
bpcells_stage_float	1	11m_jax	rep5	5644691399	1008428982
bpcells_stage_float	1	130k_thymus_atlas	rep1	102350095	18988084
bpcells_stage_float	1	130k_thymus_atlas	rep2	102350095	18988084
bpcells_stage_float	1	130k_thymus_atlas	rep3	102350095	18988084
bpcells_stage_float	1	130k_thymus_atlas	rep4	102350095	18988084
bpcells_stage_float	1	130k_thymus_atlas	rep5	102350095	18988084
bpcells_stage_float	1	1m_neurons	rep1	1165562595	215428065
bpcells_stage_float	1	1m_neurons	rep2	1165562595	215428065
bpcells_stage_float	1	1m_neurons	rep3	1165562595	215428065
bpcells_stage_float	1	1m_neurons	rep4	1165562595	215428065
bpcells_stage_float	1	1m_neurons	rep5	1165562595	215428065
bpcells_stage_float	1	20k_pbmc	rep1	34012291	6494865
bpcells_stage_float	1	20k_pbmc	rep2	34012291	6494865
bpcells_stage_float	1	20k_pbmc	rep3	34012291	6494865
bpcells_stage_float	1	20k_pbmc	rep4	34012291	6494865
bpcells_stage_float	1	20k_pbmc	rep5	34012291	6494865
bpcells_stage_float	1	22m_pansci	rep1	6534745759	1150503590
bpcells_stage_float	1	22m_pansci	rep2	6534745759	1150503590
bpcells_stage_float	1	22m_pansci	rep3	6534745759	1150503590
bpcells_stage_float	1	22m_pansci	rep4	6534745759	1150503590
bpcells_stage_float	1	22m_pansci	rep5	6534745759	1150503590
bpcells_stage_float	1	2m_perturbseq	rep1	7562649251	1563287271
bpcells_stage_float	1	2m_perturbseq	rep2	7562649251	1563287271
bpcells_stage_float	1	2m_perturbseq	rep3	7562649251	1563287271
bpcells_stage_float	1	2m_perturbseq	rep4	7562649251	1563287271
bpcells_stage_float	1	2m_perturbseq	rep5	7562649251	1563287271
bpcells_stage_float	1	480k_tabula_sapiens	rep1	178523467	31513074
bpcells_stage_float	1	480k_tabula_sapiens	rep2	178523467	31513074
bpcells_stage_float	1	480k_tabula_sapiens	rep3	178523467	31513074
bpcells_stage_float	1	480k_tabula_sapiens	rep4	178523467	31513074
bpcells_stage_float	1	480k_tabula_sapiens	rep5	178523467	31513074
bpcells_stage_float	1	4m_fetal	rep1	1108284437	193691884
bpcells_stage_float	1	4m_fetal	rep2	1108284437	193691884
bpcells_stage_float	1	4m_fetal	rep3	1108284437	193691884
bpcells_stage_float	1	4m_fetal	rep4	1108284437	193691884
bpcells_stage_float	1	4m_fetal	rep5	1108284437	193691884
bpcells_stage_float	1	500k_drugscreen	rep1	1058564555	207931420
bpcells_stage_float	1	500k_drugscreen	rep2	1058564555	207931420
bpcells_stage_float	1	500k_drugscreen	rep3	1058564555	207931420
bpcells_stage_float	1	500k_drugscreen	rep4	1058564555	207931420
bpcells_stage_float	1	500k_drugscreen	rep5	1058564555	207931420
bpcells_stage_float	2	11m_jax	rep1	5644691399	1008428982
bpcells_stage_float	2	11m_jax	rep2	5644691399	1008428982
bpcells_stage_float	2	11m_jax	rep3	5644691399	1008428982
bpcells_stage_float	2	11m_jax	rep4	5644691399	1008428982
bpcells_stage_float	2	11m_jax	rep5	5644691399	1008428982
bpcells_stage_float	2	130k_thymus_atlas	rep1	102350095	18988084
bpcells_stage_float	2	130k_thymus_atlas	rep2	102350095	18988084
bpcells_stage_float	2	130k_thymus_atlas	rep3	102350095	18988084
bpcells_stage_float	2	130k_thymus_atlas	rep4	102350095	18988084
bpcells_stage_float	2	130k_thymus_atlas	rep5	102350095	18988084
bpcells_stage_float	2	1m_neurons	rep1	1165562595	215428065
bpcells_stage_float	2	1m_neurons	rep2	1165562595	215428065
bpcells_stage_float	2	1m_neurons	rep3	1165562595	215428065
bpcells_stage_float	2	1m_neurons	rep4	1165562595	215428065
bpcells_stage_float	2	1m_neurons	rep5	1165562595	215428065
bpcells_stage_float	2	20k_pbmc	rep1	34012291	6494865
bpcells_stage_float	2	20k_pbmc	rep2	34012291	6494865
bpcells_stage_float	2	20k_pbmc	rep3	34012291	6494865
bpcells_stage_float	2	20k_pbmc	rep4	34012291	6494865
bpcells_stage_float	2	20k_pbmc	rep5	34012291	6494865
bpcells_stage_float	2	22m_pansci	rep1	6534745759	1150503590
bpcells_stage_float	2	22m_pansci	rep2	6534745759	1150503590
bpcells_stage_float	2	22m_pansci	rep3	6534745759	1150503590
bpcells_stage_float	2	22m_pansci	rep4	6534745759	1150503590
bpcells_stage_float	2	22m_pansci	rep5	6534745759	1150503590
bpcells_stage_float	2	2m_perturbseq	rep1	7562649251	1563287271
bpcells_stage_float	2	2m_perturbseq	rep2	7562649251	1563287271
bpcells_stage_float	2	2m_perturbseq	rep3	7562649251	1563287271
bpcells_stage_float	2	2m_perturbseq	rep4	7562649251	1563287271
bpcells_stage_float	2	2m_perturbseq	rep5	7562649251	1563287271
bpcells_stage_float	2	480k_tabula_sapiens	rep1	178523467	31513074
bpcells_stage_float	2	480k_tabula_sapiens	rep2	178523467	31513074
bpcells_stage_float	2	480k_tabula_sapiens	rep3	178523467	31513074
bpcells_stage_float	2	480k_tabula_sapiens	rep4	178523467	31513074
bpcells_stage_float	2	480k_tabula_sapiens	rep5	178523467	31513074
bpcells_stage_float	2	4m_fetal	rep1	1108284437	193691884
bpcells_stage_float	2	4m_fetal	rep2	1108284437	193691884
bpcells_stage_float	2	4m_fetal	rep3	1108284437	193691884
bpcells_stage_float	2	4m_fetal	rep4	1108284437	193691884
bpcells_stage_float	2	4m_fetal	rep5	1108284437	193691884
bpcells_stage_float	2	500k_drugscreen	rep1	1058564555	207931420
bpcells_stage_float	2	500k_drugscreen	rep2	1058564555	207931420
bpcells_stage_float	2	500k_drugscreen	rep3	1058564555	207931420
bpcells_stage_float	2	500k_drugscreen	rep4	1058564555	207931420
bpcells_stage_float	2	500k_drugscreen	rep5	1058564555	207931420
bpcells_stage_float	4	11m_jax	rep1	5644691399	1008428982
bpcells_stage_float	4	11m_jax	rep2	5644691399	1008428982
bpcells_stage_float	4	11m_jax	rep3	5644691399	1008428982
bpcells_stage_float	4	11m_jax	rep4	5644691399	1008428982
bpcells_stage_float	4	11m_jax	rep5	5644691399	1008428982
bpcells_stage_float	4	130k_thymus_atlas	rep1	102350095	18988084
bpcells_stage_float	4	130k_thymus_atlas	rep2	102350095	18988084
bpcells_stage_float	4	130k_thymus_atlas	rep3	102350095	18988084
bpcells_stage_float	4	130k_thymus_atlas	rep4	102350095	18988084
bpcells_stage_float	4	130k_thymus_atlas	rep5	102350095	18988084
bpcells_stage_float	4	1m_neurons	rep1	1165562595	215428065
bpcells_stage_float	4	1m_neurons	rep2	1165562595	215428065
bpcells_stage_float	4	1m_neurons	rep3	1165562595	215428065
bpcells_stage_float	4	1m_neurons	rep4	1165562595	215428065
bpcells_stage_float	4	1m_neurons	rep5	1165562595	215428065
bpcells_stage_float	4	20k_pbmc	rep1	34012291	6494865
bpcells_stage_float	4	20k_pbmc	rep2	34012291	6494865
bpcells_stage_float	4	20k_pbmc	rep3	34012291	6494865
bpcells_stage_float	4	20k_pbmc	rep4	34012291	6494865
bpcells_stage_float	4	20k_pbmc	rep5	34012291	6494865
bpcells_stage_float	4	22m_pansci	rep1	6534745759	1150503590
bpcells_stage_float	4	22m_pansci	rep2	6534745759	1150503590
bpcells_stage_float	4	22m_pansci	rep3	6534745759	1150503590
bpcells_stage_float	4	22m_pansci	rep4	6534745759	1150503590
bpcells_stage_float	4	22m_pansci	rep5	6534745759	1150503590
bpcells_stage_float	4	2m_perturbseq	rep1	7562649251	1563287271
bpcells_stage_float	4	2m_perturbseq	rep2	7562649251	1563287271
bpcells_stage_float	4	2m_perturbseq	rep3	7562649251	1563287271
bpcells_stage_float	4	2m_perturbseq	rep4	7562649251	1563287271
bpcells_stage_float	4	2m_perturbseq	rep5	7562649251	1563287271
bpcells_stage_float	4	480k_tabula_sapiens	rep1	178523467	31513074
bpcells_stage_float	4	480k_tabula_sapiens	rep2	178523467	31513074
bpcells_stage_float	4	480k_tabula_sapiens	rep3	178523467	31513074
bpcells_stage_float	4	480k_tabula_sapiens	rep4	178523467	31513074
bpcells_stage_float	4	480k_tabula_sapiens	rep5	178523467	31513074
bpcells_stage_float	4	4m_fetal	rep1	1108284437	193691884
bpcells_stage_float	4	4m_fetal	rep2	1108284437	193691884
bpcells_stage_float	4	4m_fetal	rep3	1108284437	193691884
bpcells_stage_float	4	4m_fetal	rep4	1108284437	193691884
bpcells_stage_float	4	4m_fetal	rep5	1108284437	193691884
bpcells_stage_float	4	500k_drugscreen	rep1	1058564555	207931420
bpcells_stage_float	4	500k_drugscreen	rep2	1058564555	207931420
bpcells_stage_float	4	500k_drugscreen	rep3	1058564555	207931420
bpcells_stage_float	4	500k_drugscreen	rep4	1058564555	207931420
bpcells_stage_float	4	500k_drugscreen	rep5	1058564555	207931420
bpcells_stage_float	8	11m_jax	rep1	5644691399	1008428982
bpcells_stage_float	8	11m_jax	rep2	5644691399	1008428982
bpcells_stage_float	8	11m_jax	rep3	5644691399	1008428982
bpcells_stage_float	8	11m_jax	rep4	5644691399	1008428982
bpcells_stage_float	8	11m_jax	rep5	5644691399	1008428982
bpcells_stage_float	8	130k_thymus_atlas	rep1	102350095	18988084
bpcells_stage_float	8	130k_thymus_atlas	rep2	102350095	18988084
bpcells_stage_float	8	130k_thymus_atlas	rep3	102350095	18988084
bpcells_stage_float	8	130k_thymus_atlas	rep4	102350095	18988084
bpcells_stage_float	8	130k_thymus_atlas	rep5	102350095	18988084
bpcells_stage_float	8	1m_neurons	rep1	1165562595	215428065
bpcells_stage_float	8	1m_neurons	rep2	1165562595	215428065
bpcells_stage_float	8	1m_neurons	rep3	1165562595	215428065
bpcells_stage_float	8	1m_neurons	rep4	1165562595	215428065
bpcells_stage_float	8	1m_neurons	rep5	1165562595	215428065
bpcells_stage_float	8	20k_pbmc	rep1	34012291	6494865
bpcells_stage_float	8	20k_pbmc	rep2	34012291	6494865
bpcells_stage_float	8	20k_pbmc	rep3	34012291	6494865
bpcells_stage_float	8	20k_pbmc	rep4	34012291	6494865
bpcells_stage_float	8	20k_pbmc	rep5	34012291	6494865
bpcells_stage_float	8	22m_pansci	rep1	6534745759	1150503590
bpcells_stage_float	8	22m_pansci	rep2	6534745759	1150503590
bpcells_stage_float	8	22m_pansci	rep3	6534745759	1150503590
bpcells_stage_float	8	22m_pansci	rep4	6534745759	1150503590
bpcells_stage_float	8	22m_pansci	rep5	6534745759	1150503590
bpcells_stage_float	8	2m_perturbseq	rep1	7562649251	1563287271
bpcells_stage_float	8	2m_perturbseq	rep2	7562649251	1563287271
bpcells_stage_float	8	2m_perturbseq	rep3	7562649251	1563287271
bpcells_stage_float	8	2m_perturbseq	rep4	7562649251	1563287271
bpcells_stage_float	8	2m_perturbseq	rep5	7562649251	1563287271
bpcells_stage_float	8	480k_tabula_sapiens	rep1	178523467	31513074
bpcells_stage_float	8	480k_tabula_sapiens	rep2	178523467	31513074
bpcells_stage_float	8	480k_tabula_sapiens	rep3	178523467	31513074
bpcells_stage_float	8	480k_tabula_sapiens	rep4	178523467	31513074
bpcells_stage_float	8	480k_tabula_sapiens	rep5	178523467	31513074
bpcells_stage_float	8	4m_fetal	rep1	1108284437	193691884
bpcells_stage_float	8	4m_fetal	rep2	1108284437	193691884
bpcells_stage_float	8	4m_fetal	rep3	1108284437	193691884
bpcells_stage_float	8	4m_fetal	rep4	1108284437	193691884
bpcells_stage_float	8	4m_fetal	rep5	1108284437	193691884
bpcells_stage_float	8	500k_drugscreen	rep1	1058564555	207931420
bpcells_stage_float	8	500k_drugscreen	rep2	1058564555	207931420
bpcells_stage_float	8	500k_drugscreen	rep3	1058564555	207931420
bpcells_stage_float	8	500k_drugscreen	rep4	1058564555	207931420
bpcells_stage_float	8	500k_drugscreen	rep5	1058564555	207931420
bpcells_stage_int	16	11m_jax	rep1	2386474562	1008428982
bpcells_stage_int	16	11m_jax	rep2	2386474562	1008428982
bpcells_stage_int	16	11m_jax	rep3	2386474562	1008428982
bpcells_stage_int	16	11m_jax	rep4	2386474562	1008428982
bpcells_stage_int	16	11m_jax	rep5	2386474562	1008428982
bpcells_stage_int	16	130k_thymus_atlas	rep1	42870838	18988084
bpcells_stage_int	16	130k_thymus_atlas	rep2	42870838	18988084
bpcells_stage_int	16	130k_thymus_atlas	rep3	42870838	18988084
bpcells_stage_int	16	130k_thymus_atlas	rep4	42870838	18988084
bpcells_stage_int	16	130k_thymus_atlas	rep5	42870838	18988084
bpcells_stage_int	16	1m_neurons	rep1	456020578	215428065
bpcells_stage_int	16	1m_neurons	rep2	456020578	215428065
bpcells_stage_int	16	1m_neurons	rep3	456020578	215428065
bpcells_stage_int	16	1m_neurons	rep4	456020578	215428065
bpcells_stage_int	16	1m_neurons	rep5	456020578	215428065
bpcells_stage_int	16	20k_pbmc	rep1	14019482	6494865
bpcells_stage_int	16	20k_pbmc	rep2	14019482	6494865
bpcells_stage_int	16	20k_pbmc	rep3	14019482	6494865
bpcells_stage_int	16	20k_pbmc	rep4	14019482	6494865
bpcells_stage_int	16	20k_pbmc	rep5	14019482	6494865
bpcells_stage_int	16	22m_pansci	rep1	2847073202	1150503590
bpcells_stage_int	16	22m_pansci	rep2	2847073202	1150503590
bpcells_stage_int	16	22m_pansci	rep3	2847073202	1150503590
bpcells_stage_int	16	22m_pansci	rep4	2847073202	1150503590
bpcells_stage_int	16	22m_pansci	rep5	2847073202	1150503590
bpcells_stage_int	16	2m_perturbseq	rep1	2670034034	1563287271
bpcells_stage_int	16	2m_perturbseq	rep2	2670034034	1563287271
bpcells_stage_int	16	2m_perturbseq	rep3	2670034034	1563287271
bpcells_stage_int	16	2m_perturbseq	rep4	2670034034	1563287271
bpcells_stage_int	16	2m_perturbseq	rep5	2670034034	1563287271
bpcells_stage_int	16	480k_tabula_sapiens	rep1	87837478	31513074
bpcells_stage_int	16	480k_tabula_sapiens	rep2	87837478	31513074
bpcells_stage_int	16	480k_tabula_sapiens	rep3	87837478	31513074
bpcells_stage_int	16	480k_tabula_sapiens	rep4	87837478	31513074
bpcells_stage_int	16	480k_tabula_sapiens	rep5	87837478	31513074
bpcells_stage_int	16	4m_fetal	rep1	461322304	193691884
bpcells_stage_int	16	4m_fetal	rep2	461322304	193691884
bpcells_stage_int	16	4m_fetal	rep3	461322304	193691884
bpcells_stage_int	16	4m_fetal	rep4	461322304	193691884
bpcells_stage_int	16	4m_fetal	rep5	461322304	193691884
bpcells_stage_int	16	500k_drugscreen	rep1	441657394	207931420
bpcells_stage_int	16	500k_drugscreen	rep2	441657394	207931420
bpcells_stage_int	16	500k_drugscreen	rep3	441657394	207931420
bpcells_stage_int	16	500k_drugscreen	rep4	441657394	207931420
bpcells_stage_int	16	500k_drugscreen	rep5	441657394	207931420
bpcells_stage_int	1	11m_jax	rep1	2386474562	1008428982
bpcells_stage_int	1	11m_jax	rep2	2386474562	1008428982
bpcells_stage_int	1	11m_jax	rep3	2386474562	1008428982
bpcells_stage_int	1	11m_jax	rep4	2386474562	1008428982
bpcells_stage_int	1	11m_jax	rep5	2386474562	1008428982
bpcells_stage_int	1	130k_thymus_atlas	rep1	42870838	18988084
bpcells_stage_int	1	130k_thymus_atlas	rep2	42870838	18988084
bpcells_stage_int	1	130k_thymus_atlas	rep3	42870838	18988084
bpcells_stage_int	1	130k_thymus_atlas	rep4	42870838	18988084
bpcells_stage_int	1	130k_thymus_atlas	rep5	42870838	18988084
bpcells_stage_int	1	1m_neurons	rep1	456020578	215428065
bpcells_stage_int	1	1m_neurons	rep2	456020578	215428065
bpcells_stage_int	1	1m_neurons	rep3	456020578	215428065
bpcells_stage_int	1	1m_neurons	rep4	456020578	215428065
bpcells_stage_int	1	1m_neurons	rep5	456020578	215428065
bpcells_stage_int	1	20k_pbmc	rep1	14019482	6494865
bpcells_stage_int	1	20k_pbmc	rep2	14019482	6494865
bpcells_stage_int	1	20k_pbmc	rep3	14019482	6494865
bpcells_stage_int	1	20k_pbmc	rep4	14019482	6494865
bpcells_stage_int	1	20k_pbmc	rep5	14019482	6494865
bpcells_stage_int	1	22m_pansci	rep1	2847073202	1150503590
bpcells_stage_int	1	22m_pansci	rep2	2847073202	1150503590
bpcells_stage_int	1	22m_pansci	rep3	2847073202	1150503590
bpcells_stage_int	1	22m_pansci	rep4	2847073202	1150503590
bpcells_stage_int	1	22m_pansci	rep5	2847073202	1150503590
bpcells_stage_int	1	2m_perturbseq	rep1	2670034034	1563287271
bpcells_stage_int	1	2m_perturbseq	rep2	2670034034	1563287271
bpcells_stage_int	1	2m_perturbseq	rep3	2670034034	1563287271
bpcells_stage_int	1	2m_perturbseq	rep4	2670034034	1563287271
bpcells_stage_int	1	2m_perturbseq	rep5	2670034034	1563287271
bpcells_stage_int	1	480k_tabula_sapiens	rep1	87837478	31513074
bpcells_stage_int	1	480k_tabula_sapiens	rep2	87837478	31513074
bpcells_stage_int	1	480k_tabula_sapiens	rep3	87837478	31513074
bpcells_stage_int	1	480k_tabula_sapiens	rep4	87837478	31513074
bpcells_stage_int	1	480k_tabula_sapiens	rep5	87837478	31513074
bpcells_stage_int	1	4m_fetal	rep1	461322304	193691884
bpcells_stage_int	1	4m_fetal	rep2	461322304	193691884
bpcells_stage_int	1	4m_fetal	rep3	461322304	193691884
bpcells_stage_int	1	4m_fetal	rep4	461322304	193691884
bpcells_stage_int	1	4m_fetal	rep5	461322304	193691884
bpcells_stage_int	1	500k_drugscreen	rep1	441657394	207931420
bpcells_stage_int	1	500k_drugscreen	rep2	441657394	207931420
bpcells_stage_int	1	500k_drugscreen	rep3	441657394	207931420
bpcells_stage_int	1	500k_drugscreen	rep4	441657394	207931420
bpcells_stage_int	1	500k_drugscreen	rep5	441657394	207931420
bpcells_stage_int	2	11m_jax	rep1	2386474562	1008428982
bpcells_stage_int	2	11m_jax	rep2	2386474562	1008428982
bpcells_stage_int	2	11m_jax	rep3	2386474562	1008428982
bpcells_stage_int	2	11m_jax	rep4	2386474562	1008428982
bpcells_stage_int	2	11m_jax	rep5	2386474562	1008428982
bpcells_stage_int	2	130k_thymus_atlas	rep1	42870838	18988084
bpcells_stage_int	2	130k_thymus_atlas	rep2	42870838	18988084
bpcells_stage_int	2	130k_thymus_atlas	rep3	42870838	18988084
bpcells_stage_int	2	130k_thymus_atlas	rep4	42870838	18988084
bpcells_stage_int	2	130k_thymus_atlas	rep5	42870838	18988084
bpcells_stage_int	2	1m_neurons	rep1	456020578	215428065
bpcells_stage_int	2	1m_neurons	rep2	456020578	215428065
bpcells_stage_int	2	1m_neurons	rep3	456020578	215428065
bpcells_stage_int	2	1m_neurons	rep4	456020578	215428065
bpcells_stage_int	2	1m_neurons	rep5	456020578	215428065
bpcells_stage_int	2	20k_pbmc	rep1	14019482	6494865
bpcells_stage_int	2	20k_pbmc	rep2	14019482	6494865
bpcells_stage_int	2	20k_pbmc	rep3	14019482	6494865
bpcells_stage_int	2	20k_pbmc	rep4	14019482	6494865
bpcells_stage_int	2	20k_pbmc	rep5	14019482	6494865
bpcells_stage_int	2	22m_pansci	rep1	2847073202	1150503590
bpcells_stage_int	2	22m_pansci	rep2	2847073202	1150503590
bpcells_stage_int	2	22m_pansci	rep3	2847073202	1150503590
bpcells_stage_int	2	22m_pansci	rep4	2847073202	1150503590
bpcells_stage_int	2	22m_pansci	rep5	2847073202	1150503590
bpcells_stage_int	2	2m_perturbseq	rep1	2670034034	1563287271
bpcells_stage_int	2	2m_perturbseq	rep2	2670034034	1563287271
bpcells_stage_int	2	2m_perturbseq	rep3	2670034034	1563287271
bpcells_stage_int	2	2m_perturbseq	rep4	2670034034	1563287271
bpcells_stage_int	2	2m_perturbseq	rep5	2670034034	1563287271
bpcells_stage_int	2	480k_tabula_sapiens	rep1	87837478	31513074
bpcells_stage_int	2	480k_tabula_sapiens	rep2	87837478	31513074
bpcells_stage_int	2	480k_tabula_sapiens	rep3	87837478	31513074
bpcells_stage_int	2	480k_tabula_sapiens	rep4	87837478	31513074
bpcells_stage_int	2	480k_tabula_sapiens	rep5	87837478	31513074
bpcells_stage_int	2	4m_fetal	rep1	461322304	193691884
bpcells_stage_int	2	4m_fetal	rep2	461322304	193691884
bpcells_stage_int	2	4m_fetal	rep3	461322304	193691884
bpcells_stage_int	2	4m_fetal	rep4	461322304	193691884
bpcells_stage_int	2	4m_fetal	rep5	461322304	193691884
bpcells_stage_int	2	500k_drugscreen	rep1	441657394	207931420
bpcells_stage_int	2	500k_drugscreen	rep2	441657394	207931420
bpcells_stage_int	2	500k_drugscreen	rep3	441657394	207931420
bpcells_stage_int	2	500k_drugscreen	rep4	441657394	207931420
bpcells_stage_int	2	500k_drugscreen	rep5	441657394	207931420
bpcells_stage_int	4	11m_jax	rep1	2386474562	1008428982
bpcells_stage_int	4	11m_jax	rep2	2386474562	1008428982
bpcells_stage_int	4	11m_jax	rep3	2386474562	1008428982
bpcells_stage_int	4	11m_jax	rep4	2386474562	1008428982
bpcells_stage_int	4	11m_jax	rep5	2386474562	1008428982
bpcells_stage_int	4	130k_thymus_atlas	rep1	42870838	18988084
bpcells_stage_int	4	130k_thymus_atlas	rep2	42870838	18988084
bpcells_stage_int	4	130k_thymus_atlas	rep3	42870838	18988084
bpcells_stage_int	4	130k_thymus_atlas	rep4	42870838	18988084
bpcells_stage_int	4	130k_thymus_atlas	rep5	42870838	18988084
bpcells_stage_int	4	1m_neurons	rep1	456020578	215428065
bpcells_stage_int	4	1m_neurons	rep2	456020578	215428065
bpcells_stage_int	4	1m_neurons	rep3	456020578	215428065
bpcells_stage_int	4	1m_neurons	rep4	456020578	215428065
bpcells_stage_int	4	1m_neurons	rep5	456020578	215428065
bpcells_stage_int	4	20k_pbmc	rep1	14019482	6494865
bpcells_stage_int	4	20k_pbmc	rep2	14019482	6494865
bpcells_stage_int	4	20k_pbmc	rep3	14019482	6494865
bpcells_stage_int	4	20k_pbmc	rep4	14019482	6494865
bpcells_stage_int	4	20k_pbmc	rep5	14019482	6494865
bpcells_stage_int	4	22m_pansci	rep1	2847073202	1150503590
bpcells_stage_int	4	22m_pansci	rep2	2847073202	1150503590
bpcells_stage_int	4	22m_pansci	rep3	2847073202	1150503590
bpcells_stage_int	4	22m_pansci	rep4	2847073202	1150503590
bpcells_stage_int	4	22m_pansci	rep5	2847073202	1150503590
bpcells_stage_int	4	2m_perturbseq	rep1	2670034034	1563287271
bpcells_stage_int	4	2m_perturbseq	rep2	2670034034	1563287271
bpcells_stage_int	4	2m_perturbseq	rep3	2670034034	1563287271
bpcells_stage_int	4	2m_perturbseq	rep4	2670034034	1563287271
bpcells_stage_int	4	2m_perturbseq	rep5	2670034034	1563287271
bpcells_stage_int	4	480k_tabula_sapiens	rep1	87837478	31513074
bpcells_stage_int	4	480k_tabula_sapiens	rep2	87837478	31513074
bpcells_stage_int	4	480k_tabula_sapiens	rep3	87837478	31513074
bpcells_stage_int	4	480k_tabula_sapiens	rep4	87837478	31513074
bpcells_stage_int	4	480k_tabula_sapiens	rep5	87837478	31513074
bpcells_stage_int	4	4m_fetal	rep1	461322304	193691884
bpcells_stage_int	4	4m_fetal	rep2	461322304	193691884
bpcells_stage_int	4	4m_fetal	rep3	461322304	193691884
bpcells_stage_int	4	4m_fetal	rep4	461322304	193691884
bpcells_stage_int	4	4m_fetal	rep5	461322304	193691884
bpcells_stage_int	4	500k_drugscreen	rep1	441657394	207931420
bpcells_stage_int	4	500k_drugscreen	rep2	441657394	207931420
bpcells_stage_int	4	500k_drugscreen	rep3	441657394	207931420
bpcells_stage_int	4	500k_drugscreen	rep4	441657394	207931420
bpcells_stage_int	4	500k_drugscreen	rep5	441657394	207931420
bpcells_stage_int	8	11m_jax	rep1	2386474562	1008428982
bpcells_stage_int	8	11m_jax	rep2	2386474562	1008428982
bpcells_stage_int	8	11m_jax	rep3	2386474562	1008428982
bpcells_stage_int	8	11m_jax	rep4	2386474562	1008428982
bpcells_stage_int	8	11m_jax	rep5	2386474562	1008428982
bpcells_stage_int	8	130k_thymus_atlas	rep1	42870838	18988084
bpcells_stage_int	8	130k_thymus_atlas	rep2	42870838	18988084
bpcells_stage_int	8	130k_thymus_atlas	rep3	42870838	18988084
bpcells_stage_int	8	130k_thymus_atlas	rep4	42870838	18988084
bpcells_stage_int	8	130k_thymus_atlas	rep5	42870838	18988084
bpcells_stage_int	8	1m_neurons	rep1	456020578	215428065
bpcells_stage_int	8	1m_neurons	rep2	456020578	215428065
bpcells_stage_int	8	1m_neurons	rep3	456020578	215428065
bpcells_stage_int	8	1m_neurons	rep4	456020578	215428065
bpcells_stage_int	8	1m_neurons	rep5	456020578	215428065
bpcells_stage_int	8	20k_pbmc	rep1	14019482	6494865
bpcells_stage_int	8	20k_pbmc	rep2	14019482	6494865
bpcells_stage_int	8	20k_pbmc	rep3	14019482	6494865
bpcells_stage_int	8	20k_pbmc	rep4	14019482	6494865
bpcells_stage_int	8	20k_pbmc	rep5	14019482	6494865
bpcells_stage_int	8	22m_pansci	rep1	2847073202	1150503590
bpcells_stage_int	8	22m_pansci	rep2	2847073202	1150503590
bpcells_stage_int	8	22m_pansci	rep3	2847073202	1150503590
bpcells_stage_int	8	22m_pansci	rep4	2847073202	1150503590
bpcells_stage_int	8	22m_pansci	rep5	2847073202	1150503590
bpcells_stage_int	8	2m_perturbseq	rep1	2670034034	1563287271
bpcells_stage_int	8	2m_perturbseq	rep2	2670034034	1563287271
bpcells_stage_int	8	2m_perturbseq	rep3	2670034034	1563287271
bpcells_stage_int	8	2m_perturbseq	rep4	2670034034	1563287271
bpcells_stage_int	8	2m_perturbseq	rep5	2670034034	1563287271
bpcells_stage_int	8	480k_tabula_sapiens	rep1	87837478	31513074
bpcells_stage_int	8	480k_tabula_sapiens	rep2	87837478	31513074
bpcells_stage_int	8	480k_tabula_sapiens	rep3	87837478	31513074
bpcells_stage_int	8	480k_tabula_sapiens	rep4	87837478	31513074
bpcells_stage_int	8	480k_tabula_sapiens	rep5	87837478	31513074
bpcells_stage_int	8	4m_fetal	rep1	461322304	193691884
bpcells_stage_int	8	4m_fetal	rep2	461322304	193691884
bpcells_stage_int	8	4m_fetal	rep3	461322304	193691884
bpcells_stage_int	8	4m_fetal	rep4	461322304	193691884
bpcells_stage_int	8	4m_fetal	rep5	461322304	193691884
bpcells_stage_int	8	500k_drugscreen	rep1	441657394	207931420
bpcells_stage_int	8	500k_drugscreen	rep2	441657394	207931420
bpcells_stage_int	8	500k_drugscreen	rep3	441657394	207931420
bpcells_stage_int	8	500k_drugscreen	rep4	441657394	207931420
bpcells_stage_int	8	500k_drugscreen	rep5	441657394	207931420
bpcells_stage_none	16	11m_jax	rep1	32939984181	1008428982
bpcells_stage_none	16	11m_jax	rep2	32939984181	1008428982
bpcells_stage_none	16	11m_jax	rep3	32939984181	1008428982
bpcells_stage_none	16	11m_jax	rep4	32939984181	1008428982
bpcells_stage_none	16	11m_jax	rep5	32939984181	1008428982
bpcells_stage_none	16	130k_thymus_atlas	rep1	524989322	18988084
bpcells_stage_none	16	130k_thymus_atlas	rep2	524989322	18988084
bpcells_stage_none	16	130k_thymus_atlas	rep3	524989322	18988084
bpcells_stage_none	16	130k_thymus_atlas	rep4	524989322	18988084
bpcells_stage_none	16	130k_thymus_atlas	rep5	524989322	18988084
bpcells_stage_none	16	1m_neurons	rep1	4879867429	215428065
bpcells_stage_none	16	1m_neurons	rep2	4879867429	215428065
bpcells_stage_none	16	1m_neurons	rep3	4879867429	215428065
bpcells_stage_none	16	1m_neurons	rep4	4879867429	215428065
bpcells_stage_none	16	1m_neurons	rep5	4879867429	215428065
bpcells_stage_none	16	20k_pbmc	rep1	108299141	6494865
bpcells_stage_none	16	20k_pbmc	rep2	108299141	6494865
bpcells_stage_none	16	20k_pbmc	rep3	108299141	6494865
bpcells_stage_none	16	20k_pbmc	rep4	108299141	6494865
bpcells_stage_none	16	20k_pbmc	rep5	108299141	6494865
bpcells_stage_none	16	22m_pansci	rep1	30466468695	1150503590
bpcells_stage_none	16	22m_pansci	rep2	30466468695	1150503590
bpcells_stage_none	16	22m_pansci	rep3	30466468695	1150503590
bpcells_stage_none	16	22m_pansci	rep4	30466468695	1150503590
bpcells_stage_none	16	22m_pansci	rep5	30466468695	1150503590
bpcells_stage_none	16	2m_perturbseq	rep1	9816733373	1563287271
bpcells_stage_none	16	2m_perturbseq	rep2	9816733373	1563287271
bpcells_stage_none	16	2m_perturbseq	rep3	9816733373	1563287271
bpcells_stage_none	16	2m_perturbseq	rep4	9816733373	1563287271
bpcells_stage_none	16	2m_perturbseq	rep5	9816733373	1563287271
bpcells_stage_none	16	480k_tabula_sapiens	rep1	2668000081	31513074
bpcells_stage_none	16	480k_tabula_sapiens	rep2	2668000081	31513074
bpcells_stage_none	16	480k_tabula_sapiens	rep3	2668000081	31513074
bpcells_stage_none	16	480k_tabula_sapiens	rep4	2668000081	31513074
bpcells_stage_none	16	480k_tabula_sapiens	rep5	2668000081	31513074
bpcells_stage_none	16	4m_fetal	rep1	5504043609	193691884
bpcells_stage_none	16	4m_fetal	rep2	5504043609	193691884
bpcells_stage_none	16	4m_fetal	rep3	5504043609	193691884
bpcells_stage_none	16	4m_fetal	rep4	5504043609	193691884
bpcells_stage_none	16	4m_fetal	rep5	5504043609	193691884
bpcells_stage_none	16	500k_drugscreen	rep1	3180899205	207931420
bpcells_stage_none	16	500k_drugscreen	rep2	3180899205	207931420
bpcells_stage_none	16	500k_drugscreen	rep3	3180899205	207931420
bpcells_stage_none	16	500k_drugscreen	rep4	3180899205	207931420
bpcells_stage_none	16	500k_drugscreen	rep5	3180899205	207931420
bpcells_stage_none	1	11m_jax	rep1	32939984181	1008428982
bpcells_stage_none	1	11m_jax	rep2	32939984181	1008428982
bpcells_stage_none	1	11m_jax	rep3	32939984181	1008428982
bpcells_stage_none	1	11m_jax	rep4	32939984181	1008428982
bpcells_stage_none	1	11m_jax	rep5	32939984181	1008428982
bpcells_stage_none	1	130k_thymus_atlas	rep1	524989322	18988084
bpcells_stage_none	1	130k_thymus_atlas	rep2	524989322	18988084
bpcells_stage_none	1	130k_thymus_atlas	rep3	524989322	18988084
bpcells_stage_none	1	130k_thymus_atlas	rep4	524989322	18988084
bpcells_stage_none	1	130k_thymus_atlas	rep5	524989322	18988084
bpcells_stage_none	1	1m_neurons	rep1	4879867429	215428065
bpcells_stage_none	1	1m_neurons	rep2	4879867429	215428065
bpcells_stage_none	1	1m_neurons	rep3	4879867429	215428065
bpcells_stage_none	1	1m_neurons	rep4	4879867429	215428065
bpcells_stage_none	1	1m_neurons	rep5	4879867429	215428065
bpcells_stage_none	1	20k_pbmc	rep1	108299141	6494865
bpcells_stage_none	1	20k_pbmc	rep2	108299141	6494865
bpcells_stage_none	1	20k_pbmc	rep3	108299141	6494865
bpcells_stage_none	1	20k_pbmc	rep4	108299141	6494865
bpcells_stage_none	1	20k_pbmc	rep5	108299141	6494865
bpcells_stage_none	1	22m_pansci	rep1	30466468695	1150503590
bpcells_stage_none	1	22m_pansci	rep2	30466468695	1150503590
bpcells_stage_none	1	22m_pansci	rep3	30466468695	1150503590
bpcells_stage_none	1	22m_pansci	rep4	30466468695	1150503590
bpcells_stage_none	1	22m_pansci	rep5	30466468695	1150503590
bpcells_stage_none	1	2m_perturbseq	rep1	9816733373	1563287271
bpcells_stage_none	1	2m_perturbseq	rep2	9816733373	1563287271
bpcells_stage_none	1	2m_perturbseq	rep3	9816733373	1563287271
bpcells_stage_none	1	2m_perturbseq	rep4	9816733373	1563287271
bpcells_stage_none	1	2m_perturbseq	rep5	9816733373	1563287271
bpcells_stage_none	1	480k_tabula_sapiens	rep1	2668000081	31513074
bpcells_stage_none	1	480k_tabula_sapiens	rep2	2668000081	31513074
bpcells_stage_none	1	480k_tabula_sapiens	rep3	2668000081	31513074
bpcells_stage_none	1	480k_tabula_sapiens	rep4	2668000081	31513074
bpcells_stage_none	1	480k_tabula_sapiens	rep5	2668000081	31513074
bpcells_stage_none	1	4m_fetal	rep1	5504043609	193691884
bpcells_stage_none	1	4m_fetal	rep2	5504043609	193691884
bpcells_stage_none	1	4m_fetal	rep3	5504043609	193691884
bpcells_stage_none	1	4m_fetal	rep4	5504043609	193691884
bpcells_stage_none	1	4m_fetal	rep5	5504043609	193691884
bpcells_stage_none	1	500k_drugscreen	rep1	3180899205	207931420
bpcells_stage_none	1	500k_drugscreen	rep2	3180899205	207931420
bpcells_stage_none	1	500k_drugscreen	rep3	3180899205	207931420
bpcells_stage_none	1	500k_drugscreen	rep4	3180899205	207931420
bpcells_stage_none	1	500k_drugscreen	rep5	3180899205	207931420
bpcells_stage_none	2	11m_jax	rep1	32939984181	1008428982
bpcells_stage_none	2	11m_jax	rep2	32939984181	1008428982
bpcells_stage_none	2	11m_jax	rep3	32939984181	1008428982
bpcells_stage_none	2	11m_jax	rep4	32939984181	1008428982
bpcells_stage_none	2	11m_jax	rep5	32939984181	1008428982
bpcells_stage_none	2	130k_thymus_atlas	rep1	524989322	18988084
bpcells_stage_none	2	130k_thymus_atlas	rep2	524989322	18988084
bpcells_stage_none	2	130k_thymus_atlas	rep3	524989322	18988084
bpcells_stage_none	2	130k_thymus_atlas	rep4	524989322	18988084
bpcells_stage_none	2	130k_thymus_atlas	rep5	524989322	18988084
bpcells_stage_none	2	1m_neurons	rep1	4879867429	215428065
bpcells_stage_none	2	1m_neurons	rep2	4879867429	215428065
bpcells_stage_none	2	1m_neurons	rep3	4879867429	215428065
bpcells_stage_none	2	1m_neurons	rep4	4879867429	215428065
bpcells_stage_none	2	1m_neurons	rep5	4879867429	215428065
bpcells_stage_none	2	20k_pbmc	rep1	108299141	6494865
bpcells_stage_none	2	20k_pbmc	rep2	108299141	6494865
bpcells_stage_none	2	20k_pbmc	rep3	108299141	6494865
bpcells_stage_none	2	20k_pbmc	rep4	108299141	6494865
bpcells_stage_none	2	20k_pbmc	rep5	108299141	6494865
bpcells_stage_none	2	22m_pansci	rep1	30466468695	1150503590
bpcells_stage_none	2	22m_pansci	rep2	30466468695	1150503590
bpcells_stage_none	2	22m_pansci	rep3	30466468695	1150503590
bpcells_stage_none	2	22m_pansci	rep4	30466468695	1150503590
bpcells_stage_none	2	22m_pansci	rep5	30466468695	1150503590
bpcells_stage_none	2	2m_perturbseq	rep1	9816733373	1563287271
bpcells_stage_none	2	2m_perturbseq	rep2	9816733373	1563287271
bpcells_stage_none	2	2m_perturbseq	rep3	9816733373	1563287271
bpcells_stage_none	2	2m_perturbseq	rep4	9816733373	1563287271
bpcells_stage_none	2	2m_perturbseq	rep5	9816733373	1563287271
bpcells_stage_none	2	480k_tabula_sapiens	rep1	2668000081	31513074
bpcells_stage_none	2	480k_tabula_sapiens	rep2	2668000081	31513074
bpcells_stage_none	2	480k_tabula_sapiens	rep3	2668000081	31513074
bpcells_stage_none	2	480k_tabula_sapiens	rep4	2668000081	31513074
bpcells_stage_none	2	480k_tabula_sapiens	rep5	2668000081	31513074
bpcells_stage_none	2	4m_fetal	rep1	5504043609	193691884
bpcells_stage_none	2	4m_fetal	rep2	5504043609	193691884
bpcells_stage_none	2	4m_fetal	rep3	5504043609	193691884
bpcells_stage_none	2	4m_fetal	rep4	5504043609	193691884
bpcells_stage_none	2	4m_fetal	rep5	5504043609	193691884
bpcells_stage_none	2	500k_drugscreen	rep1	3180899205	207931420
bpcells_stage_none	2	500k_drugscreen	rep2	3180899205	207931420
bpcells_stage_none	2	500k_drugscreen	rep3	3180899205	207931420
bpcells_stage_none	2	500k_drugscreen	rep4	3180899205	207931420
bpcells_stage_none	2	500k_drugscreen	rep5	3180899205	207931420
bpcells_stage_none	4	11m_jax	rep1	32939984181	1008428982
bpcells_stage_none	4	11m_jax	rep2	32939984181	1008428982
bpcells_stage_none	4	11m_jax	rep3	32939984181	1008428982
bpcells_stage_none	4	11m_jax	rep4	32939984181	1008428982
bpcells_stage_none	4	11m_jax	rep5	32939984181	1008428982
bpcells_stage_none	4	130k_thymus_atlas	rep1	524989322	18988084
bpcells_stage_none	4	130k_thymus_atlas	rep2	524989322	18988084
bpcells_stage_none	4	130k_thymus_atlas	rep3	524989322	18988084
bpcells_stage_none	4	130k_thymus_atlas	rep4	524989322	18988084
bpcells_stage_none	4	130k_thymus_atlas	rep5	524989322	18988084
bpcells_stage_none	4	1m_neurons	rep1	4879867429	215428065
bpcells_stage_none	4	1m_neurons	rep2	4879867429	215428065
bpcells_stage_none	4	1m_neurons	rep3	4879867429	215428065
bpcells_stage_none	4	1m_neurons	rep4	4879867429	215428065
bpcells_stage_none	4	1m_neurons	rep5	4879867429	215428065
bpcells_stage_none	4	20k_pbmc	rep1	108299141	6494865
bpcells_stage_none	4	20k_pbmc	rep2	108299141	6494865
bpcells_stage_none	4	20k_pbmc	rep3	108299141	6494865
bpcells_stage_none	4	20k_pbmc	rep4	108299141	6494865
bpcells_stage_none	4	20k_pbmc	rep5	108299141	6494865
bpcells_stage_none	4	22m_pansci	rep1	30466468695	1150503590
bpcells_stage_none	4	22m_pansci	rep2	30466468695	1150503590
bpcells_stage_none	4	22m_pansci	rep3	30466468695	1150503590
bpcells_stage_none	4	22m_pansci	rep4	30466468695	1150503590
bpcells_stage_none	4	22m_pansci	rep5	30466468695	1150503590
bpcells_stage_none	4	2m_perturbseq	rep1	9816733373	1563287271
bpcells_stage_none	4	2m_perturbseq	rep2	9816733373	1563287271
bpcells_stage_none	4	2m_perturbseq	rep3	9816733373	1563287271
bpcells_stage_none	4	2m_perturbseq	rep4	9816733373	1563287271
bpcells_stage_none	4	2m_perturbseq	rep5	9816733373	1563287271
bpcells_stage_none	4	480k_tabula_sapiens	rep1	2668000081	31513074
bpcells_stage_none	4	480k_tabula_sapiens	rep2	2668000081	31513074
bpcells_stage_none	4	480k_tabula_sapiens	rep3	2668000081	31513074
bpcells_stage_none	4	480k_tabula_sapiens	rep4	2668000081	31513074
bpcells_stage_none	4	480k_tabula_sapiens	rep5	2668000081	31513074
bpcells_stage_none	4	4m_fetal	rep1	5504043609	193691884
bpcells_stage_none	4	4m_fetal	rep2	5504043609	193691884
bpcells_stage_none	4	4m_fetal	rep3	5504043609	193691884
bpcells_stage_none	4	4m_fetal	rep4	5504043609	193691884
bpcells_stage_none	4	4m_fetal	rep5	5504043609	193691884
bpcells_stage_none	4	500k_drugscreen	rep1	3180899205	207931420
bpcells_stage_none	4	500k_drugscreen	rep2	3180899205	207931420
bpcells_stage_none	4	500k_drugscreen	rep3	3180899205	207931420
bpcells_stage_none	4	500k_drugscreen	rep4	3180899205	207931420
bpcells_stage_none	4	500k_drugscreen	rep5	3180899205	207931420
bpcells_stage_none	8	11m_jax	rep1	32939984181	1008428982
bpcells_stage_none	8	11m_jax	rep2	32939984181	1008428982
bpcells_stage_none	8	11m_jax	rep3	32939984181	1008428982
bpcells_stage_none	8	11m_jax	rep4	32939984181	1008428982
bpcells_stage_none	8	11m_jax	rep5	32939984181	1008428982
bpcells_stage_none	8	130k_thymus_atlas	rep1	524989322	18988084
bpcells_stage_none	8	130k_thymus_atlas	rep2	524989322	18988084
bpcells_stage_none	8	130k_thymus_atlas	rep3	524989322	18988084
bpcells_stage_none	8	130k_thymus_atlas	rep4	524989322	18988084
bpcells_stage_none	8	130k_thymus_atlas	rep5	524989322	18988084
bpcells_stage_none	8	1m_neurons	rep1	4879867429	215428065
bpcells_stage_none	8	1m_neurons	rep2	4879867429	215428065
bpcells_stage_none	8	1m_neurons	rep3	4879867429	215428065
bpcells_stage_none	8	1m_neurons	rep4	4879867429	215428065
bpcells_stage_none	8	1m_neurons	rep5	4879867429	215428065
bpcells_stage_none	8	20k_pbmc	rep1	108299141	6494865
bpcells_stage_none	8	20k_pbmc	rep2	108299141	6494865
bpcells_stage_none	8	20k_pbmc	rep3	108299141	6494865
bpcells_stage_none	8	20k_pbmc	rep4	108299141	6494865
bpcells_stage_none	8	20k_pbmc	rep5	108299141	6494865
bpcells_stage_none	8	22m_pansci	rep1	30466468695	1150503590
bpcells_stage_none	8	22m_pansci	rep2	30466468695	1150503590
bpcells_stage_none	8	22m_pansci	rep3	30466468695	1150503590
bpcells_stage_none	8	22m_pansci	rep4	30466468695	1150503590
bpcells_stage_none	8	22m_pansci	rep5	30466468695	1150503590
bpcells_stage_none	8	2m_perturbseq	rep1	9816733373	1563287271
bpcells_stage_none	8	2m_perturbseq	rep2	9816733373	1563287271
bpcells_stage_none	8	2m_perturbseq	rep3	9816733373	1563287271
bpcells_stage_none	8	2m_perturbseq	rep4	9816733373	1563287271
bpcells_stage_none	8	2m_perturbseq	rep5	9816733373	1563287271
bpcells_stage_none	8	480k_tabula_sapiens	rep1	2668000081	31513074
bpcells_stage_none	8	480k_tabula_sapiens	rep2	2668000081	31513074
bpcells_stage_none	8	480k_tabula_sapiens	rep3	2668000081	31513074
bpcells_stage_none	8	480k_tabula_sapiens	rep4	2668000081	31513074
bpcells_stage_none	8	480k_tabula_sapiens	rep5	2668000081	31513074
bpcells_stage_none	8	4m_fetal	rep1	5504043609	193691884
bpcells_stage_none	8	4m_fetal	rep2	5504043609	193691884
bpcells_stage_none	8	4m_fetal	rep3	5504043609	193691884
bpcells_stage_none	8	4m_fetal	rep4	5504043609	193691884
bpcells_stage_none	8	4m_fetal	rep5	5504043609	193691884
bpcells_stage_none	8	500k_drugscreen	rep1	3180899205	207931420
bpcells_stage_none	8	500k_drugscreen	rep2	3180899205	207931420
bpcells_stage_none	8	500k_drugscreen	rep3	3180899205	207931420
bpcells_stage_none	8	500k_drugscreen	rep4	3180899205	207931420
bpcells_stage_none	8	500k_drugscreen	rep5	3180899205	207931420
