dataset	matrix	cell_major	ordering	field	bytes	elements
10k_pbmc	peaks	FALSE	original	idxptr	1323024	115765990
10k_pbmc	peaks	FALSE	original	index	114371252	115765990
10k_pbmc	peaks	FALSE	original	metadata	4146378	115765990
10k_pbmc	peaks	FALSE	original	val	50696212	115765990
10k_pbmc	peaks	FALSE	mean	idxptr	1323024	115765990
10k_pbmc	peaks	FALSE	mean	index	112396004	115765990
10k_pbmc	peaks	FALSE	mean	metadata	4146378	115765990
10k_pbmc	peaks	FALSE	mean	val	49710372	115765990
10k_pbmc	peaks	FALSE	nonzero	idxptr	1323024	115765990
10k_pbmc	peaks	FALSE	nonzero	index	112164196	115765990
10k_pbmc	peaks	FALSE	nonzero	metadata	4146378	115765990
10k_pbmc	peaks	FALSE	nonzero	val	49838372	115765990
10k_pbmc	peaks	FALSE	shuffle	idxptr	1323024	115765990
10k_pbmc	peaks	FALSE	shuffle	index	114275652	115765990
10k_pbmc	peaks	FALSE	shuffle	metadata	4146378	115765990
10k_pbmc	peaks	FALSE	shuffle	val	50709556	115765990
10k_pbmc	peaks	TRUE	original	idxptr	81984	115765990
10k_pbmc	peaks	TRUE	original	index	124950116	115765990
10k_pbmc	peaks	TRUE	original	metadata	4146378	115765990
10k_pbmc	peaks	TRUE	original	val	54249732	115765990
10k_pbmc	peaks	TRUE	mean	idxptr	81984	115765990
10k_pbmc	peaks	TRUE	mean	index	98901524	115765990
10k_pbmc	peaks	TRUE	mean	metadata	4146378	115765990
10k_pbmc	peaks	TRUE	mean	val	49799140	115765990
10k_pbmc	peaks	TRUE	nonzero	idxptr	81984	115765990
10k_pbmc	peaks	TRUE	nonzero	index	98822484	115765990
10k_pbmc	peaks	TRUE	nonzero	metadata	4146378	115765990
10k_pbmc	peaks	TRUE	nonzero	val	49901764	115765990
10k_pbmc	peaks	TRUE	shuffle	idxptr	81984	115765990
10k_pbmc	peaks	TRUE	shuffle	index	119585972	115765990
10k_pbmc	peaks	TRUE	shuffle	metadata	4146378	115765990
10k_pbmc	peaks	TRUE	shuffle	val	54439332	115765990
10k_pbmc	tiles	FALSE	original	idxptr	49412416	272590268
10k_pbmc	tiles	FALSE	original	index	380361684	272590268
10k_pbmc	tiles	FALSE	original	metadata	147414987	272590268
10k_pbmc	tiles	FALSE	original	val	98709676	272590268
10k_pbmc	tiles	FALSE	mean	idxptr	49412416	272590268
10k_pbmc	tiles	FALSE	mean	index	377760628	272590268
10k_pbmc	tiles	FALSE	mean	metadata	147414987	272590268
10k_pbmc	tiles	FALSE	mean	val	97788444	272590268
10k_pbmc	tiles	FALSE	nonzero	idxptr	49412416	272590268
10k_pbmc	tiles	FALSE	nonzero	index	377668052	272590268
10k_pbmc	tiles	FALSE	nonzero	metadata	147414987	272590268
10k_pbmc	tiles	FALSE	nonzero	val	97846060	272590268
10k_pbmc	tiles	FALSE	shuffle	idxptr	49412416	272590268
10k_pbmc	tiles	FALSE	shuffle	index	380242996	272590268
10k_pbmc	tiles	FALSE	shuffle	metadata	147414987	272590268
10k_pbmc	tiles	FALSE	shuffle	val	98722332	272590268
10k_pbmc	tiles	TRUE	original	idxptr	81984	272590268
10k_pbmc	tiles	TRUE	original	index	465812260	272590268
10k_pbmc	tiles	TRUE	original	metadata	147414987	272590268
10k_pbmc	tiles	TRUE	original	val	110213180	272590268
10k_pbmc	tiles	TRUE	mean	idxptr	81984	272590268
10k_pbmc	tiles	TRUE	mean	index	312227396	272590268
10k_pbmc	tiles	TRUE	mean	metadata	147414987	272590268
10k_pbmc	tiles	TRUE	mean	val	97806156	272590268
10k_pbmc	tiles	TRUE	nonzero	idxptr	81984	272590268
10k_pbmc	tiles	TRUE	nonzero	index	312085428	272590268
10k_pbmc	tiles	TRUE	nonzero	metadata	147414987	272590268
10k_pbmc	tiles	TRUE	nonzero	val	98263612	272590268
10k_pbmc	tiles	TRUE	shuffle	idxptr	81984	272590268
10k_pbmc	tiles	TRUE	shuffle	index	412589556	272590268
10k_pbmc	tiles	TRUE	shuffle	metadata	147414987	272590268
10k_pbmc	tiles	TRUE	shuffle	val	110755820	272590268
11m_jax	rna	TRUE	original	idxptr	91531272	18280524916
11m_jax	rna	TRUE	original	index	21412555876	18280524916
11m_jax	rna	TRUE	original	metadata	477604777	18280524916
11m_jax	rna	TRUE	original	val	10958292256	18280524916
11m_jax	rna	TRUE	mean	idxptr	91531272	18280524916
11m_jax	rna	TRUE	mean	index	16506187324	18280524916
11m_jax	rna	TRUE	mean	metadata	477604777	18280524916
11m_jax	rna	TRUE	mean	val	8916722432	18280524916
11m_jax	rna	TRUE	nonzero	idxptr	91531272	18280524916
11m_jax	rna	TRUE	nonzero	index	16415146028	18280524916
11m_jax	rna	TRUE	nonzero	metadata	477604777	18280524916
11m_jax	rna	TRUE	nonzero	val	10164606432	18280524916
11m_jax	rna	TRUE	shuffle	idxptr	91531272	18280524916
11m_jax	rna	TRUE	shuffle	index	20043238820	18280524916
11m_jax	rna	TRUE	shuffle	metadata	477604777	18280524916
11m_jax	rna	TRUE	shuffle	val	10980079216	18280524916
11m_jax	rna	FALSE	original	idxptr	196432	18280524916
11m_jax	rna	FALSE	original	index	15065585484	18280524916
11m_jax	rna	FALSE	original	metadata	477604777	18280524916
11m_jax	rna	FALSE	original	val	7656088224	18280524916
11m_jax	rna	FALSE	mean	idxptr	196432	18280524916
11m_jax	rna	FALSE	mean	index	14953047164	18280524916
11m_jax	rna	FALSE	mean	metadata	477604777	18280524916
11m_jax	rna	FALSE	mean	val	7344756080	18280524916
11m_jax	rna	FALSE	nonzero	idxptr	196432	18280524916
11m_jax	rna	FALSE	nonzero	index	14916740044	18280524916
11m_jax	rna	FALSE	nonzero	metadata	477604777	18280524916
11m_jax	rna	FALSE	nonzero	val	7282556144	18280524916
11m_jax	rna	FALSE	shuffle	idxptr	196432	18280524916
11m_jax	rna	FALSE	shuffle	index	15293643564	18280524916
11m_jax	rna	FALSE	shuffle	metadata	477604777	18280524916
11m_jax	rna	FALSE	shuffle	val	8048974576	18280524916
130k_thymus_atlas	rna	TRUE	original	idxptr	1034912	284247380
130k_thymus_atlas	rna	TRUE	original	index	286857868	284247380
130k_thymus_atlas	rna	TRUE	original	metadata	4273814	284247380
130k_thymus_atlas	rna	TRUE	original	val	232822728	284247380
130k_thymus_atlas	rna	TRUE	mean	idxptr	1034912	284247380
130k_thymus_atlas	rna	TRUE	mean	index	228524620	284247380
130k_thymus_atlas	rna	TRUE	mean	metadata	4273814	284247380
130k_thymus_atlas	rna	TRUE	mean	val	135727736	284247380
130k_thymus_atlas	rna	TRUE	nonzero	idxptr	1034912	284247380
130k_thymus_atlas	rna	TRUE	nonzero	index	226311820	284247380
130k_thymus_atlas	rna	TRUE	nonzero	metadata	4273814	284247380
130k_thymus_atlas	rna	TRUE	nonzero	val	152051176	284247380
130k_thymus_atlas	rna	TRUE	shuffle	idxptr	1034912	284247380
130k_thymus_atlas	rna	TRUE	shuffle	index	307308076	284247380
130k_thymus_atlas	rna	TRUE	shuffle	metadata	4273814	284247380
130k_thymus_atlas	rna	TRUE	shuffle	val	235153848	284247380
130k_thymus_atlas	rna	FALSE	original	idxptr	269568	284247380
130k_thymus_atlas	rna	FALSE	original	index	213242188	284247380
130k_thymus_atlas	rna	FALSE	original	metadata	4273814	284247380
130k_thymus_atlas	rna	FALSE	original	val	121718936	284247380
130k_thymus_atlas	rna	FALSE	mean	idxptr	269568	284247380
130k_thymus_atlas	rna	FALSE	mean	index	208137404	284247380
130k_thymus_atlas	rna	FALSE	mean	metadata	4273814	284247380
130k_thymus_atlas	rna	FALSE	mean	val	112703928	284247380
130k_thymus_atlas	rna	FALSE	nonzero	idxptr	269568	284247380
130k_thymus_atlas	rna	FALSE	nonzero	index	208835836	284247380
130k_thymus_atlas	rna	FALSE	nonzero	metadata	4273814	284247380
130k_thymus_atlas	rna	FALSE	nonzero	val	113218776	284247380
130k_thymus_atlas	rna	FALSE	shuffle	idxptr	269568	284247380
130k_thymus_atlas	rna	FALSE	shuffle	index	219411484	284247380
130k_thymus_atlas	rna	FALSE	shuffle	metadata	4273814	284247380
130k_thymus_atlas	rna	FALSE	shuffle	val	131788440	284247380
1m_brain	peaks	FALSE	original	idxptr	4357896	2557888122
1m_brain	peaks	FALSE	original	index	3529736268	2557888122
1m_brain	peaks	FALSE	original	metadata	47170830	2557888122
1m_brain	peaks	FALSE	original	val	783307040	2557888122
1m_brain	peaks	FALSE	mean	idxptr	4357896	2557888122
1m_brain	peaks	FALSE	mean	index	3404647772	2557888122
1m_brain	peaks	FALSE	mean	metadata	47170830	2557888122
1m_brain	peaks	FALSE	mean	val	779707024	2557888122
1m_brain	peaks	FALSE	nonzero	idxptr	4357896	2557888122
1m_brain	peaks	FALSE	nonzero	index	3408718140	2557888122
1m_brain	peaks	FALSE	nonzero	metadata	47170830	2557888122
1m_brain	peaks	FALSE	nonzero	val	780004048	2557888122
1m_brain	peaks	FALSE	shuffle	idxptr	4357896	2557888122
1m_brain	peaks	FALSE	shuffle	index	3608307436	2557888122
1m_brain	peaks	FALSE	shuffle	metadata	47170830	2557888122
1m_brain	peaks	FALSE	shuffle	val	787186064	2557888122
1m_brain	peaks	TRUE	original	idxptr	9073992	2557888122
1m_brain	peaks	TRUE	original	index	4062504764	2557888122
1m_brain	peaks	TRUE	original	metadata	47170830	2557888122
1m_brain	peaks	TRUE	original	val	790688032	2557888122
1m_brain	peaks	TRUE	mean	idxptr	9073992	2557888122
1m_brain	peaks	TRUE	mean	index	3493384188	2557888122
1m_brain	peaks	TRUE	mean	metadata	47170830	2557888122
1m_brain	peaks	TRUE	mean	val	779930944	2557888122
1m_brain	peaks	TRUE	nonzero	idxptr	9073992	2557888122
1m_brain	peaks	TRUE	nonzero	index	3492281340	2557888122
1m_brain	peaks	TRUE	nonzero	metadata	47170830	2557888122
1m_brain	peaks	TRUE	nonzero	val	780331856	2557888122
1m_brain	peaks	TRUE	shuffle	idxptr	9073992	2557888122
1m_brain	peaks	TRUE	shuffle	index	3906640188	2557888122
1m_brain	peaks	TRUE	shuffle	metadata	47170830	2557888122
1m_brain	peaks	TRUE	shuffle	val	791631568	2557888122
1m_brain	tiles	FALSE	original	idxptr	49412416	7345065426
1m_brain	tiles	FALSE	original	index	12505660324	7345065426
1m_brain	tiles	FALSE	original	metadata	181353220	7345065426
1m_brain	tiles	FALSE	original	val	2141979708	7345065426
1m_brain	tiles	FALSE	mean	idxptr	49412416	7345065426
1m_brain	tiles	FALSE	mean	index	12010913588	7345065426
1m_brain	tiles	FALSE	mean	metadata	181353220	7345065426
1m_brain	tiles	FALSE	mean	val	2136320060	7345065426
1m_brain	tiles	FALSE	nonzero	idxptr	49412416	7345065426
1m_brain	tiles	FALSE	nonzero	index	12009672132	7345065426
1m_brain	tiles	FALSE	nonzero	metadata	181353220	7345065426
1m_brain	tiles	FALSE	nonzero	val	2136810492	7345065426
1m_brain	tiles	FALSE	shuffle	idxptr	49412416	7345065426
1m_brain	tiles	FALSE	shuffle	index	12515867220	7345065426
1m_brain	tiles	FALSE	shuffle	metadata	181353220	7345065426
1m_brain	tiles	FALSE	shuffle	val	2149267148	7345065426
1m_brain	tiles	TRUE	original	idxptr	9073992	7345065426
1m_brain	tiles	TRUE	original	index	13813533396	7345065426
1m_brain	tiles	TRUE	original	metadata	181353220	7345065426
1m_brain	tiles	TRUE	original	val	2163079244	7345065426
1m_brain	tiles	TRUE	mean	idxptr	9073992	7345065426
1m_brain	tiles	TRUE	mean	index	11447840100	7345065426
1m_brain	tiles	TRUE	mean	metadata	181353220	7345065426
1m_brain	tiles	TRUE	mean	val	2130105132	7345065426
1m_brain	tiles	TRUE	nonzero	idxptr	9073992	7345065426
1m_brain	tiles	TRUE	nonzero	index	11452595300	7345065426
1m_brain	tiles	TRUE	nonzero	metadata	181353220	7345065426
1m_brain	tiles	TRUE	nonzero	val	2131253100	7345065426
1m_brain	tiles	TRUE	shuffle	idxptr	9073992	7345065426
1m_brain	tiles	TRUE	shuffle	index	12763623988	7345065426
1m_brain	tiles	TRUE	shuffle	metadata	181353220	7345065426
1m_brain	tiles	TRUE	shuffle	val	2171137052	7345065426
1m_neurons	rna	TRUE	original	idxptr	10449032	2624828308
1m_neurons	rna	TRUE	original	index	3034120740	2624828308
1m_neurons	rna	TRUE	original	metadata	26907997	2624828308
1m_neurons	rna	TRUE	original	val	1808389660	2624828308
1m_neurons	rna	TRUE	mean	idxptr	10449032	2624828308
1m_neurons	rna	TRUE	mean	index	2108315316	2624828308
1m_neurons	rna	TRUE	mean	metadata	26907997	2624828308
1m_neurons	rna	TRUE	mean	val	1089664668	2624828308
1m_neurons	rna	TRUE	nonzero	idxptr	10449032	2624828308
1m_neurons	rna	TRUE	nonzero	index	2098692628	2624828308
1m_neurons	rna	TRUE	nonzero	metadata	26907997	2624828308
1m_neurons	rna	TRUE	nonzero	val	1184120076	2624828308
1m_neurons	rna	TRUE	shuffle	idxptr	10449032	2624828308
1m_neurons	rna	TRUE	shuffle	index	2803479748	2624828308
1m_neurons	rna	TRUE	shuffle	metadata	26907997	2624828308
1m_neurons	rna	TRUE	shuffle	val	1827294172	2624828308
1m_neurons	rna	FALSE	original	idxptr	224000	2624828308
1m_neurons	rna	FALSE	original	index	1961141396	2624828308
1m_neurons	rna	FALSE	original	metadata	26907997	2624828308
1m_neurons	rna	FALSE	original	val	1042619084	2624828308
1m_neurons	rna	FALSE	mean	idxptr	224000	2624828308
1m_neurons	rna	FALSE	mean	index	1910680148	2624828308
1m_neurons	rna	FALSE	mean	metadata	26907997	2624828308
1m_neurons	rna	FALSE	mean	val	919127788	2624828308
1m_neurons	rna	FALSE	nonzero	idxptr	224000	2624828308
1m_neurons	rna	FALSE	nonzero	index	1902080036	2624828308
1m_neurons	rna	FALSE	nonzero	metadata	26907997	2624828308
1m_neurons	rna	FALSE	nonzero	val	922588636	2624828308
1m_neurons	rna	FALSE	shuffle	idxptr	224000	2624828308
1m_neurons	rna	FALSE	shuffle	index	1964080628	2624828308
1m_neurons	rna	FALSE	shuffle	metadata	26907997	2624828308
1m_neurons	rna	FALSE	shuffle	val	1048430444	2624828308
20k_pbmc	rna	TRUE	original	idxptr	190712	54878285
20k_pbmc	rna	TRUE	original	index	62737564	54878285
20k_pbmc	rna	TRUE	original	metadata	1038561	54878285
20k_pbmc	rna	TRUE	original	val	44332304	54878285
20k_pbmc	rna	TRUE	mean	idxptr	190712	54878285
20k_pbmc	rna	TRUE	mean	index	43870092	54878285
20k_pbmc	rna	TRUE	mean	metadata	1038561	54878285
20k_pbmc	rna	TRUE	mean	val	24156944	54878285
20k_pbmc	rna	TRUE	nonzero	idxptr	190712	54878285
20k_pbmc	rna	TRUE	nonzero	index	43537244	54878285
20k_pbmc	rna	TRUE	nonzero	metadata	1038561	54878285
20k_pbmc	rna	TRUE	nonzero	val	28474144	54878285
20k_pbmc	rna	TRUE	shuffle	idxptr	190712	54878285
20k_pbmc	rna	TRUE	shuffle	index	59976796	54878285
20k_pbmc	rna	TRUE	shuffle	metadata	1038561	54878285
20k_pbmc	rna	TRUE	shuffle	val	45404592	54878285
20k_pbmc	rna	FALSE	original	idxptr	292824	54878285
20k_pbmc	rna	FALSE	original	index	43165628	54878285
20k_pbmc	rna	FALSE	original	metadata	1038561	54878285
20k_pbmc	rna	FALSE	original	val	22411568	54878285
20k_pbmc	rna	FALSE	mean	idxptr	292824	54878285
20k_pbmc	rna	FALSE	mean	index	41370076	54878285
20k_pbmc	rna	FALSE	mean	metadata	1038561	54878285
20k_pbmc	rna	FALSE	mean	val	20530144	54878285
20k_pbmc	rna	FALSE	nonzero	idxptr	292824	54878285
20k_pbmc	rna	FALSE	nonzero	index	41164108	54878285
20k_pbmc	rna	FALSE	nonzero	metadata	1038561	54878285
20k_pbmc	rna	FALSE	nonzero	val	20516512	54878285
20k_pbmc	rna	FALSE	shuffle	idxptr	292824	54878285
20k_pbmc	rna	FALSE	shuffle	index	43152540	54878285
20k_pbmc	rna	FALSE	shuffle	metadata	1038561	54878285
20k_pbmc	rna	FALSE	shuffle	val	22429904	54878285
22m_pansci	rna	TRUE	original	idxptr	174295464	13080263375
22m_pansci	rna	TRUE	original	index	19885487196	13080263375
22m_pansci	rna	TRUE	original	metadata	1294511727	13080263375
22m_pansci	rna	TRUE	original	val	9112174308	13080263375
22m_pansci	rna	TRUE	mean	idxptr	174295464	13080263375
22m_pansci	rna	TRUE	mean	index	15805907108	13080263375
22m_pansci	rna	TRUE	mean	metadata	1294511727	13080263375
22m_pansci	rna	TRUE	mean	val	7595591620	13080263375
22m_pansci	rna	TRUE	nonzero	idxptr	174295464	13080263375
22m_pansci	rna	TRUE	nonzero	index	15758102852	13080263375
22m_pansci	rna	TRUE	nonzero	metadata	1294511727	13080263375
22m_pansci	rna	TRUE	nonzero	val	8090745892	13080263375
22m_pansci	rna	TRUE	shuffle	idxptr	174295464	13080263375
22m_pansci	rna	TRUE	shuffle	index	19409655772	13080263375
22m_pansci	rna	TRUE	shuffle	metadata	1294511727	13080263375
22m_pansci	rna	TRUE	shuffle	val	9526316180	13080263375
22m_pansci	rna	FALSE	original	idxptr	443344	13080263375
22m_pansci	rna	FALSE	original	index	12892412532	13080263375
22m_pansci	rna	FALSE	original	metadata	1294511727	13080263375
22m_pansci	rna	FALSE	original	val	5661960740	13080263375
22m_pansci	rna	FALSE	mean	idxptr	443344	13080263375
22m_pansci	rna	FALSE	mean	index	13432503012	13080263375
22m_pansci	rna	FALSE	mean	metadata	1294511727	13080263375
22m_pansci	rna	FALSE	mean	val	5434642036	13080263375
22m_pansci	rna	FALSE	nonzero	idxptr	443344	13080263375
22m_pansci	rna	FALSE	nonzero	index	13160727636	13080263375
22m_pansci	rna	FALSE	nonzero	metadata	1294511727	13080263375
22m_pansci	rna	FALSE	nonzero	val	5346064740	13080263375
22m_pansci	rna	FALSE	shuffle	idxptr	443344	13080263375
22m_pansci	rna	FALSE	shuffle	index	13533012404	13080263375
22m_pansci	rna	FALSE	shuffle	metadata	1294511727	13080263375
22m_pansci	rna	FALSE	shuffle	val	6157545620	13080263375
2m_perturbseq	rna	TRUE	original	idxptr	15916640	6289447209
2m_perturbseq	rna	TRUE	original	index	4675088604	6289447209
2m_perturbseq	rna	TRUE	original	metadata	41105865	6289447209
2m_perturbseq	rna	TRUE	original	val	5084622264	6289447209
2m_perturbseq	rna	TRUE	mean	idxptr	15916640	6289447209
2m_perturbseq	rna	TRUE	mean	index	4227466860	6289447209
2m_perturbseq	rna	TRUE	mean	metadata	41105865	6289447209
2m_perturbseq	rna	TRUE	mean	val	2606368712	6289447209
2m_perturbseq	rna	TRUE	nonzero	idxptr	15916640	6289447209
2m_perturbseq	rna	TRUE	nonzero	index	4215595564	6289447209
2m_perturbseq	rna	TRUE	nonzero	metadata	41105865	6289447209
2m_perturbseq	rna	TRUE	nonzero	val	2718516808	6289447209
2m_perturbseq	rna	TRUE	shuffle	idxptr	15916640	6289447209
2m_perturbseq	rna	TRUE	shuffle	index	4645288396	6289447209
2m_perturbseq	rna	TRUE	shuffle	metadata	41105865	6289447209
2m_perturbseq	rna	TRUE	shuffle	val	5306619128	6289447209
2m_perturbseq	rna	FALSE	original	idxptr	66000	6289447209
2m_perturbseq	rna	FALSE	original	index	3989976700	6289447209
2m_perturbseq	rna	FALSE	original	metadata	41105865	6289447209
2m_perturbseq	rna	FALSE	original	val	2595192328	6289447209
2m_perturbseq	rna	FALSE	mean	idxptr	66000	6289447209
2m_perturbseq	rna	FALSE	mean	index	3887454396	6289447209
2m_perturbseq	rna	FALSE	mean	metadata	41105865	6289447209
2m_perturbseq	rna	FALSE	mean	val	2425531080	6289447209
2m_perturbseq	rna	FALSE	nonzero	idxptr	66000	6289447209
2m_perturbseq	rna	FALSE	nonzero	index	3885082732	6289447209
2m_perturbseq	rna	FALSE	nonzero	metadata	41105865	6289447209
2m_perturbseq	rna	FALSE	nonzero	val	2430087784	6289447209
2m_perturbseq	rna	FALSE	shuffle	idxptr	66000	6289447209
2m_perturbseq	rna	FALSE	shuffle	index	3988728236	6289447209
2m_perturbseq	rna	FALSE	shuffle	metadata	41105865	6289447209
2m_perturbseq	rna	FALSE	shuffle	val	2600003032	6289447209
35k_hematopoiesis	peaks	FALSE	original	idxptr	4052360	307003871
35k_hematopoiesis	peaks	FALSE	original	index	374566644	307003871
35k_hematopoiesis	peaks	FALSE	original	metadata	13175513	307003871
35k_hematopoiesis	peaks	FALSE	original	val	120065452	307003871
35k_hematopoiesis	peaks	FALSE	mean	idxptr	4052360	307003871
35k_hematopoiesis	peaks	FALSE	mean	index	361468292	307003871
35k_hematopoiesis	peaks	FALSE	mean	metadata	13175513	307003871
35k_hematopoiesis	peaks	FALSE	mean	val	118971724	307003871
35k_hematopoiesis	peaks	FALSE	nonzero	idxptr	4052360	307003871
35k_hematopoiesis	peaks	FALSE	nonzero	index	361401716	307003871
35k_hematopoiesis	peaks	FALSE	nonzero	metadata	13175513	307003871
35k_hematopoiesis	peaks	FALSE	nonzero	val	119662364	307003871
35k_hematopoiesis	peaks	FALSE	shuffle	idxptr	4052360	307003871
35k_hematopoiesis	peaks	FALSE	shuffle	index	372987444	307003871
35k_hematopoiesis	peaks	FALSE	shuffle	metadata	13175513	307003871
35k_hematopoiesis	peaks	FALSE	shuffle	val	123663356	307003871
35k_hematopoiesis	peaks	TRUE	original	idxptr	294144	307003871
35k_hematopoiesis	peaks	TRUE	original	index	405145812	307003871
35k_hematopoiesis	peaks	TRUE	original	metadata	13175513	307003871
35k_hematopoiesis	peaks	TRUE	original	val	124085068	307003871
35k_hematopoiesis	peaks	TRUE	mean	idxptr	294144	307003871
35k_hematopoiesis	peaks	TRUE	mean	index	322090708	307003871
35k_hematopoiesis	peaks	TRUE	mean	metadata	13175513	307003871
35k_hematopoiesis	peaks	TRUE	mean	val	117359036	307003871
35k_hematopoiesis	peaks	TRUE	nonzero	idxptr	294144	307003871
35k_hematopoiesis	peaks	TRUE	nonzero	index	321781348	307003871
35k_hematopoiesis	peaks	TRUE	nonzero	metadata	13175513	307003871
35k_hematopoiesis	peaks	TRUE	nonzero	val	117614412	307003871
35k_hematopoiesis	peaks	TRUE	shuffle	idxptr	294144	307003871
35k_hematopoiesis	peaks	TRUE	shuffle	index	388404724	307003871
35k_hematopoiesis	peaks	TRUE	shuffle	metadata	13175513	307003871
35k_hematopoiesis	peaks	TRUE	shuffle	val	124451660	307003871
35k_hematopoiesis	tiles	FALSE	original	idxptr	49530960	579810634
35k_hematopoiesis	tiles	FALSE	original	index	888947052	579810634
35k_hematopoiesis	tiles	FALSE	original	metadata	148672039	579810634
35k_hematopoiesis	tiles	FALSE	original	val	216562888	579810634
35k_hematopoiesis	tiles	FALSE	mean	idxptr	49530960	579810634
35k_hematopoiesis	tiles	FALSE	mean	index	871328380	579810634
35k_hematopoiesis	tiles	FALSE	mean	metadata	148672039	579810634
35k_hematopoiesis	tiles	FALSE	mean	val	215549144	579810634
35k_hematopoiesis	tiles	FALSE	nonzero	idxptr	49530960	579810634
35k_hematopoiesis	tiles	FALSE	nonzero	index	871352796	579810634
35k_hematopoiesis	tiles	FALSE	nonzero	metadata	148672039	579810634
35k_hematopoiesis	tiles	FALSE	nonzero	val	216235656	579810634
35k_hematopoiesis	tiles	FALSE	shuffle	idxptr	49530960	579810634
35k_hematopoiesis	tiles	FALSE	shuffle	index	886053084	579810634
35k_hematopoiesis	tiles	FALSE	shuffle	metadata	148672039	579810634
35k_hematopoiesis	tiles	FALSE	shuffle	val	220699848	579810634
35k_hematopoiesis	tiles	TRUE	original	idxptr	294144	579810634
35k_hematopoiesis	tiles	TRUE	original	index	1022337388	579810634
35k_hematopoiesis	tiles	TRUE	original	metadata	148672039	579810634
35k_hematopoiesis	tiles	TRUE	original	val	223383448	579810634
35k_hematopoiesis	tiles	TRUE	mean	idxptr	294144	579810634
35k_hematopoiesis	tiles	TRUE	mean	index	731594380	579810634
35k_hematopoiesis	tiles	TRUE	mean	metadata	148672039	579810634
35k_hematopoiesis	tiles	TRUE	mean	val	211038776	579810634
35k_hematopoiesis	tiles	TRUE	nonzero	idxptr	294144	579810634
35k_hematopoiesis	tiles	TRUE	nonzero	index	734122684	579810634
35k_hematopoiesis	tiles	TRUE	nonzero	metadata	148672039	579810634
35k_hematopoiesis	tiles	TRUE	nonzero	val	211736344	579810634
35k_hematopoiesis	tiles	TRUE	shuffle	idxptr	294144	579810634
35k_hematopoiesis	tiles	TRUE	shuffle	index	924086652	579810634
35k_hematopoiesis	tiles	TRUE	shuffle	metadata	148672039	579810634
35k_hematopoiesis	tiles	TRUE	shuffle	val	225162664	579810634
3k_pbmc	peaks	FALSE	original	idxptr	786336	19285989
3k_pbmc	peaks	FALSE	original	index	21521188	19285989
3k_pbmc	peaks	FALSE	original	metadata	2399652	19285989
3k_pbmc	peaks	FALSE	original	val	8333180	19285989
3k_pbmc	peaks	FALSE	mean	idxptr	786336	19285989
3k_pbmc	peaks	FALSE	mean	index	21236276	19285989
3k_pbmc	peaks	FALSE	mean	metadata	2399652	19285989
3k_pbmc	peaks	FALSE	mean	val	8230940	19285989
3k_pbmc	peaks	FALSE	nonzero	idxptr	786336	19285989
3k_pbmc	peaks	FALSE	nonzero	index	21232420	19285989
3k_pbmc	peaks	FALSE	nonzero	metadata	2399652	19285989
3k_pbmc	peaks	FALSE	nonzero	val	8239228	19285989
3k_pbmc	peaks	FALSE	shuffle	idxptr	786336	19285989
3k_pbmc	peaks	FALSE	shuffle	index	21490244	19285989
3k_pbmc	peaks	FALSE	shuffle	metadata	2399652	19285989
3k_pbmc	peaks	FALSE	shuffle	val	8330860	19285989
3k_pbmc	peaks	TRUE	original	idxptr	21704	19285989
3k_pbmc	peaks	TRUE	original	index	20500996	19285989
3k_pbmc	peaks	TRUE	original	metadata	2399652	19285989
3k_pbmc	peaks	TRUE	original	val	8657484	19285989
3k_pbmc	peaks	TRUE	mean	idxptr	21704	19285989
3k_pbmc	peaks	TRUE	mean	index	16621140	19285989
3k_pbmc	peaks	TRUE	mean	metadata	2399652	19285989
3k_pbmc	peaks	TRUE	mean	val	8133324	19285989
3k_pbmc	peaks	TRUE	nonzero	idxptr	21704	19285989
3k_pbmc	peaks	TRUE	nonzero	index	16607556	19285989
3k_pbmc	peaks	TRUE	nonzero	metadata	2399652	19285989
3k_pbmc	peaks	TRUE	nonzero	val	8147532	19285989
3k_pbmc	peaks	TRUE	shuffle	idxptr	21704	19285989
3k_pbmc	peaks	TRUE	shuffle	index	19697364	19285989
3k_pbmc	peaks	TRUE	shuffle	metadata	2399652	19285989
3k_pbmc	peaks	TRUE	shuffle	val	8667580	19285989
3k_pbmc	tiles	FALSE	original	idxptr	49412416	45210959
3k_pbmc	tiles	FALSE	original	index	62918428	45210959
3k_pbmc	tiles	FALSE	original	metadata	147271822	45210959
3k_pbmc	tiles	FALSE	original	val	16008696	45210959
3k_pbmc	tiles	FALSE	mean	idxptr	49412416	45210959
3k_pbmc	tiles	FALSE	mean	index	62524716	45210959
3k_pbmc	tiles	FALSE	mean	metadata	147271822	45210959
3k_pbmc	tiles	FALSE	mean	val	15923928	45210959
3k_pbmc	tiles	FALSE	nonzero	idxptr	49412416	45210959
3k_pbmc	tiles	FALSE	nonzero	index	62519244	45210959
3k_pbmc	tiles	FALSE	nonzero	metadata	147271822	45210959
3k_pbmc	tiles	FALSE	nonzero	val	15927528	45210959
3k_pbmc	tiles	FALSE	shuffle	idxptr	49412416	45210959
3k_pbmc	tiles	FALSE	shuffle	index	62875772	45210959
3k_pbmc	tiles	FALSE	shuffle	metadata	147271822	45210959
3k_pbmc	tiles	FALSE	shuffle	val	16004568	45210959
3k_pbmc	tiles	TRUE	original	idxptr	21704	45210959
3k_pbmc	tiles	TRUE	original	index	80969068	45210959
3k_pbmc	tiles	TRUE	original	metadata	147271822	45210959
3k_pbmc	tiles	TRUE	original	val	17813528	45210959
3k_pbmc	tiles	TRUE	mean	idxptr	21704	45210959
3k_pbmc	tiles	TRUE	mean	index	52202108	45210959
3k_pbmc	tiles	TRUE	mean	metadata	147271822	45210959
3k_pbmc	tiles	TRUE	mean	val	15450888	45210959
3k_pbmc	tiles	TRUE	nonzero	idxptr	21704	45210959
3k_pbmc	tiles	TRUE	nonzero	index	52164892	45210959
3k_pbmc	tiles	TRUE	nonzero	metadata	147271822	45210959
3k_pbmc	tiles	TRUE	nonzero	val	15786904	45210959
3k_pbmc	tiles	TRUE	shuffle	idxptr	21704	45210959
3k_pbmc	tiles	TRUE	shuffle	index	72185788	45210959
3k_pbmc	tiles	TRUE	shuffle	metadata	147271822	45210959
3k_pbmc	tiles	TRUE	shuffle	val	17906504	45210959
45k_pancreas	peaks	FALSE	original	idxptr	1268504	426781966
45k_pancreas	peaks	FALSE	original	index	397646508	426781966
45k_pancreas	peaks	FALSE	original	metadata	5102476	426781966
45k_pancreas	peaks	FALSE	original	val	198145944	426781966
45k_pancreas	peaks	FALSE	mean	idxptr	1268504	426781966
45k_pancreas	peaks	FALSE	mean	index	377606860	426781966
45k_pancreas	peaks	FALSE	mean	metadata	5102476	426781966
45k_pancreas	peaks	FALSE	mean	val	184133464	426781966
45k_pancreas	peaks	FALSE	nonzero	idxptr	1268504	426781966
45k_pancreas	peaks	FALSE	nonzero	index	377541100	426781966
45k_pancreas	peaks	FALSE	nonzero	metadata	5102476	426781966
45k_pancreas	peaks	FALSE	nonzero	val	185074952	426781966
45k_pancreas	peaks	FALSE	shuffle	idxptr	1268504	426781966
45k_pancreas	peaks	FALSE	shuffle	index	401848124	426781966
45k_pancreas	peaks	FALSE	shuffle	metadata	5102476	426781966
45k_pancreas	peaks	FALSE	shuffle	val	223733592	426781966
45k_pancreas	peaks	TRUE	original	idxptr	362272	426781966
45k_pancreas	peaks	TRUE	original	index	454025148	426781966
45k_pancreas	peaks	TRUE	original	metadata	5102476	426781966
45k_pancreas	peaks	TRUE	original	val	209243448	426781966
45k_pancreas	peaks	TRUE	mean	idxptr	362272	426781966
45k_pancreas	peaks	TRUE	mean	index	362121820	426781966
45k_pancreas	peaks	TRUE	mean	metadata	5102476	426781966
45k_pancreas	peaks	TRUE	mean	val	182663160	426781966
45k_pancreas	peaks	TRUE	nonzero	idxptr	362272	426781966
45k_pancreas	peaks	TRUE	nonzero	index	361818620	426781966
45k_pancreas	peaks	TRUE	nonzero	metadata	5102476	426781966
45k_pancreas	peaks	TRUE	nonzero	val	183221704	426781966
45k_pancreas	peaks	TRUE	shuffle	idxptr	362272	426781966
45k_pancreas	peaks	TRUE	shuffle	index	436749516	426781966
45k_pancreas	peaks	TRUE	shuffle	metadata	5102476	426781966
45k_pancreas	peaks	TRUE	shuffle	val	209996120	426781966
45k_pancreas	tiles	FALSE	original	idxptr	49412416	1182255557
45k_pancreas	tiles	FALSE	original	index	1740224372	1182255557
45k_pancreas	tiles	FALSE	original	metadata	148533491	1182255557
45k_pancreas	tiles	FALSE	original	val	429799932	1182255557
45k_pancreas	tiles	FALSE	mean	idxptr	49412416	1182255557
45k_pancreas	tiles	FALSE	mean	index	1700258276	1182255557
45k_pancreas	tiles	FALSE	mean	metadata	148533491	1182255557
45k_pancreas	tiles	FALSE	mean	val	416334268	1182255557
45k_pancreas	tiles	FALSE	nonzero	idxptr	49412416	1182255557
45k_pancreas	tiles	FALSE	nonzero	index	1701241236	1182255557
45k_pancreas	tiles	FALSE	nonzero	metadata	148533491	1182255557
45k_pancreas	tiles	FALSE	nonzero	val	417739964	1182255557
45k_pancreas	tiles	FALSE	shuffle	idxptr	49412416	1182255557
45k_pancreas	tiles	FALSE	shuffle	index	1737722900	1182255557
45k_pancreas	tiles	FALSE	shuffle	metadata	148533491	1182255557
45k_pancreas	tiles	FALSE	shuffle	val	456657964	1182255557
45k_pancreas	tiles	TRUE	original	idxptr	362272	1182255557
45k_pancreas	tiles	TRUE	original	index	1908423236	1182255557
45k_pancreas	tiles	TRUE	original	metadata	148533491	1182255557
45k_pancreas	tiles	TRUE	original	val	480371356	1182255557
45k_pancreas	tiles	TRUE	mean	idxptr	362272	1182255557
45k_pancreas	tiles	TRUE	mean	index	1384539172	1182255557
45k_pancreas	tiles	TRUE	mean	metadata	148533491	1182255557
45k_pancreas	tiles	TRUE	mean	val	407904748	1182255557
45k_pancreas	tiles	TRUE	nonzero	idxptr	362272	1182255557
45k_pancreas	tiles	TRUE	nonzero	index	1387354260	1182255557
45k_pancreas	tiles	TRUE	nonzero	metadata	148533491	1182255557
45k_pancreas	tiles	TRUE	nonzero	val	409504940	1182255557
45k_pancreas	tiles	TRUE	shuffle	idxptr	362272	1182255557
45k_pancreas	tiles	TRUE	shuffle	index	1739007092	1182255557
45k_pancreas	tiles	TRUE	shuffle	metadata	148533491	1182255557
45k_pancreas	tiles	TRUE	shuffle	val	492675804	1182255557
480k_tabula_sapiens	rna	TRUE	original	idxptr	3865232	1266799148
480k_tabula_sapiens	rna	TRUE	original	index	1523425420	1266799148
480k_tabula_sapiens	rna	TRUE	original	metadata	22278181	1266799148
480k_tabula_sapiens	rna	TRUE	original	val	1118431248	1266799148
480k_tabula_sapiens	rna	TRUE	mean	idxptr	3865232	1266799148
480k_tabula_sapiens	rna	TRUE	mean	index	1070986684	1266799148
480k_tabula_sapiens	rna	TRUE	mean	metadata	22278181	1266799148
480k_tabula_sapiens	rna	TRUE	mean	val	813389712	1266799148
480k_tabula_sapiens	rna	TRUE	nonzero	idxptr	3865232	1266799148
480k_tabula_sapiens	rna	TRUE	nonzero	index	1030045452	1266799148
480k_tabula_sapiens	rna	TRUE	nonzero	metadata	22278181	1266799148
480k_tabula_sapiens	rna	TRUE	nonzero	val	908696640	1266799148
480k_tabula_sapiens	rna	TRUE	shuffle	idxptr	3865232	1266799148
480k_tabula_sapiens	rna	TRUE	shuffle	index	1436091068	1266799148
480k_tabula_sapiens	rna	TRUE	shuffle	metadata	22278181	1266799148
480k_tabula_sapiens	rna	TRUE	shuffle	val	1172823840	1266799148
480k_tabula_sapiens	rna	FALSE	original	idxptr	470976	1266799148
480k_tabula_sapiens	rna	FALSE	original	index	971911724	1266799148
480k_tabula_sapiens	rna	FALSE	original	metadata	22278181	1266799148
480k_tabula_sapiens	rna	FALSE	original	val	694468608	1266799148
480k_tabula_sapiens	rna	FALSE	mean	idxptr	470976	1266799148
480k_tabula_sapiens	rna	FALSE	mean	index	968472028	1266799148
480k_tabula_sapiens	rna	FALSE	mean	metadata	22278181	1266799148
480k_tabula_sapiens	rna	FALSE	mean	val	661560160	1266799148
480k_tabula_sapiens	rna	FALSE	nonzero	idxptr	470976	1266799148
480k_tabula_sapiens	rna	FALSE	nonzero	index	963220348	1266799148
480k_tabula_sapiens	rna	FALSE	nonzero	metadata	22278181	1266799148
480k_tabula_sapiens	rna	FALSE	nonzero	val	1407363616	1266799148
480k_tabula_sapiens	rna	FALSE	shuffle	idxptr	470976	1266799148
480k_tabula_sapiens	rna	FALSE	shuffle	index	1008718156	1266799148
480k_tabula_sapiens	rna	FALSE	shuffle	metadata	22278181	1266799148
480k_tabula_sapiens	rna	FALSE	shuffle	val	1446260240	1266799148
4m_fetal	rna	TRUE	original	idxptr	32503856	2631157163
4m_fetal	rna	TRUE	original	index	3948610596	2631157163
4m_fetal	rna	TRUE	original	metadata	156921369	2631157163
4m_fetal	rna	TRUE	original	val	1366007788	2631157163
4m_fetal	rna	TRUE	mean	idxptr	32503856	2631157163
4m_fetal	rna	TRUE	mean	index	3102116132	2631157163
4m_fetal	rna	TRUE	mean	metadata	156921369	2631157163
4m_fetal	rna	TRUE	mean	val	1083033132	2631157163
4m_fetal	rna	TRUE	nonzero	idxptr	32503856	2631157163
4m_fetal	rna	TRUE	nonzero	index	3097602564	2631157163
4m_fetal	rna	TRUE	nonzero	metadata	156921369	2631157163
4m_fetal	rna	TRUE	nonzero	val	1156055868	2631157163
4m_fetal	rna	TRUE	shuffle	idxptr	32503856	2631157163
4m_fetal	rna	TRUE	shuffle	index	3912354948	2631157163
4m_fetal	rna	TRUE	shuffle	metadata	156921369	2631157163
4m_fetal	rna	TRUE	shuffle	val	1378501868	2631157163
4m_fetal	rna	FALSE	original	idxptr	508504	2631157163
4m_fetal	rna	FALSE	original	index	2606786516	2631157163
4m_fetal	rna	FALSE	original	metadata	156921369	2631157163
4m_fetal	rna	FALSE	original	val	989189372	2631157163
4m_fetal	rna	FALSE	mean	idxptr	508504	2631157163
4m_fetal	rna	FALSE	mean	index	2604447316	2631157163
4m_fetal	rna	FALSE	mean	metadata	156921369	2631157163
4m_fetal	rna	FALSE	mean	val	915908252	2631157163
4m_fetal	rna	FALSE	nonzero	idxptr	508504	2631157163
4m_fetal	rna	FALSE	nonzero	index	2634135524	2631157163
4m_fetal	rna	FALSE	nonzero	metadata	156921369	2631157163
4m_fetal	rna	FALSE	nonzero	val	914401916	2631157163
4m_fetal	rna	FALSE	shuffle	idxptr	508504	2631157163
4m_fetal	rna	FALSE	shuffle	index	2684369572	2631157163
4m_fetal	rna	FALSE	shuffle	metadata	156921369	2631157163
4m_fetal	rna	FALSE	shuffle	val	1047789372	2631157163
500k_drugscreen	rna	TRUE	original	idxptr	4202024	1671598065
500k_drugscreen	rna	TRUE	original	index	1817078260	1671598065
500k_drugscreen	rna	TRUE	original	metadata	11303453	1671598065
500k_drugscreen	rna	TRUE	original	val	1348315468	1671598065
500k_drugscreen	rna	TRUE	mean	idxptr	4202024	1671598065
500k_drugscreen	rna	TRUE	mean	index	1219433396	1671598065
500k_drugscreen	rna	TRUE	mean	metadata	11303453	1671598065
500k_drugscreen	rna	TRUE	mean	val	737286812	1671598065
500k_drugscreen	rna	TRUE	nonzero	idxptr	4202024	1671598065
500k_drugscreen	rna	TRUE	nonzero	index	1215524564	1671598065
500k_drugscreen	rna	TRUE	nonzero	metadata	11303453	1671598065
500k_drugscreen	rna	TRUE	nonzero	val	799208604	1671598065
500k_drugscreen	rna	TRUE	shuffle	idxptr	4202024	1671598065
500k_drugscreen	rna	TRUE	shuffle	index	1711206004	1671598065
500k_drugscreen	rna	TRUE	shuffle	metadata	11303453	1671598065
500k_drugscreen	rna	TRUE	shuffle	val	1476113612	1671598065
500k_drugscreen	rna	FALSE	original	idxptr	292920	1671598065
500k_drugscreen	rna	FALSE	original	index	1161482868	1671598065
500k_drugscreen	rna	FALSE	original	metadata	11303453	1671598065
500k_drugscreen	rna	FALSE	original	val	670550284	1671598065
500k_drugscreen	rna	FALSE	mean	idxptr	292920	1671598065
500k_drugscreen	rna	FALSE	mean	index	1142770100	1671598065
500k_drugscreen	rna	FALSE	mean	metadata	11303453	1671598065
500k_drugscreen	rna	FALSE	mean	val	645642412	1671598065
500k_drugscreen	rna	FALSE	nonzero	idxptr	292920	1671598065
500k_drugscreen	rna	FALSE	nonzero	index	1136254388	1671598065
500k_drugscreen	rna	FALSE	nonzero	metadata	11303453	1671598065
500k_drugscreen	rna	FALSE	nonzero	val	639446812	1671598065
500k_drugscreen	rna	FALSE	shuffle	idxptr	292920	1671598065
500k_drugscreen	rna	FALSE	shuffle	index	1169320980	1671598065
500k_drugscreen	rna	FALSE	shuffle	metadata	11303453	1671598065
500k_drugscreen	rna	FALSE	shuffle	val	692842172	1671598065
500k_heart	peaks	FALSE	original	idxptr	1209920	2461029701
500k_heart	peaks	FALSE	original	index	2554238284	2461029701
500k_heart	peaks	FALSE	original	metadata	17277696	2461029701
500k_heart	peaks	FALSE	original	val	941406696	2461029701
500k_heart	peaks	FALSE	mean	idxptr	1209920	2461029701
500k_heart	peaks	FALSE	mean	index	2397205388	2461029701
500k_heart	peaks	FALSE	mean	metadata	17277696	2461029701
500k_heart	peaks	FALSE	mean	val	901650008	2461029701
500k_heart	peaks	FALSE	nonzero	idxptr	1209920	2461029701
500k_heart	peaks	FALSE	nonzero	index	2396536044	2461029701
500k_heart	peaks	FALSE	nonzero	metadata	17277696	2461029701
500k_heart	peaks	FALSE	nonzero	val	904347448	2461029701
500k_heart	peaks	FALSE	shuffle	idxptr	1209920	2461029701
500k_heart	peaks	FALSE	shuffle	index	2555864556	2461029701
500k_heart	peaks	FALSE	shuffle	metadata	17277696	2461029701
500k_heart	peaks	FALSE	shuffle	val	1016534760	2461029701
500k_heart	peaks	TRUE	original	idxptr	3768888	2461029701
500k_heart	peaks	TRUE	original	index	2861198796	2461029701
500k_heart	peaks	TRUE	original	metadata	17277696	2461029701
500k_heart	peaks	TRUE	original	val	992882696	2461029701
500k_heart	peaks	TRUE	mean	idxptr	3768888	2461029701
500k_heart	peaks	TRUE	mean	index	2451816172	2461029701
500k_heart	peaks	TRUE	mean	metadata	17277696	2461029701
500k_heart	peaks	TRUE	mean	val	897606344	2461029701
500k_heart	peaks	TRUE	nonzero	idxptr	3768888	2461029701
500k_heart	peaks	TRUE	nonzero	index	2450619276	2461029701
500k_heart	peaks	TRUE	nonzero	metadata	17277696	2461029701
500k_heart	peaks	TRUE	nonzero	val	898984232	2461029701
500k_heart	peaks	TRUE	shuffle	idxptr	3768888	2461029701
500k_heart	peaks	TRUE	shuffle	index	2773778140	2461029701
500k_heart	peaks	TRUE	shuffle	metadata	17277696	2461029701
500k_heart	peaks	TRUE	shuffle	val	996603352	2461029701
500k_heart	tiles	FALSE	original	idxptr	49412416	8949549278
500k_heart	tiles	FALSE	original	index	13436870004	8949549278
500k_heart	tiles	FALSE	original	metadata	160882474	8949549278
500k_heart	tiles	FALSE	original	val	2704058788	8949549278
500k_heart	tiles	FALSE	mean	idxptr	49412416	8949549278
500k_heart	tiles	FALSE	mean	index	12707675524	8949549278
500k_heart	tiles	FALSE	mean	metadata	160882474	8949549278
500k_heart	tiles	FALSE	mean	val	2671710260	8949549278
500k_heart	tiles	FALSE	nonzero	idxptr	49412416	8949549278
500k_heart	tiles	FALSE	nonzero	index	12704945556	8949549278
500k_heart	tiles	FALSE	nonzero	metadata	160882474	8949549278
500k_heart	tiles	FALSE	nonzero	val	2675298260	8949549278
500k_heart	tiles	FALSE	shuffle	idxptr	49412416	8949549278
500k_heart	tiles	FALSE	shuffle	index	13214607396	8949549278
500k_heart	tiles	FALSE	shuffle	metadata	160882474	8949549278
500k_heart	tiles	FALSE	shuffle	val	2800457668	8949549278
500k_heart	tiles	TRUE	original	idxptr	3768888	8949549278
500k_heart	tiles	TRUE	original	index	14973716452	8949549278
500k_heart	tiles	TRUE	original	metadata	160882474	8949549278
500k_heart	tiles	TRUE	original	val	3005040644	8949549278
500k_heart	tiles	TRUE	mean	idxptr	3768888	8949549278
500k_heart	tiles	TRUE	mean	index	12049476612	8949549278
500k_heart	tiles	TRUE	mean	metadata	160882474	8949549278
500k_heart	tiles	TRUE	mean	val	2626190916	8949549278
500k_heart	tiles	TRUE	nonzero	idxptr	3768888	8949549278
500k_heart	tiles	TRUE	nonzero	index	12053912244	8949549278
500k_heart	tiles	TRUE	nonzero	metadata	160882474	8949549278
500k_heart	tiles	TRUE	nonzero	val	2634052436	8949549278
500k_heart	tiles	TRUE	shuffle	idxptr	3768888	8949549278
500k_heart	tiles	TRUE	shuffle	index	13761102996	8949549278
500k_heart	tiles	TRUE	shuffle	metadata	160882474	8949549278
500k_heart	tiles	TRUE	shuffle	val	3257234724	8949549278
